fips,state,state_name,county,rucc_code,economic_typology,census_division,metadata_note
01001,AL,Alabama,Adams County,4,Mining,East South Central,
01002,AL,Alabama,Benton County,4,Recreation,East South Central,
01003,AL,Alabama,Cedar County,6,Federal/State government,East South Central,
01004,AL,Alabama,Clinton County,9,Mining,East South Central,
01005,AL,Alabama,Columbia County,5,Farming,East South Central,
01006,AL,Alabama,Douglas County,8,Federal/State government,East South Central,
01007,AL,Alabama,Franklin County,2,Federal/State government,East South Central,
01008,AL,Alabama,Grant County,8,Recreation,East South Central,
01009,AL,Alabama,Jackson County,2,Farming,East South Central,
01010,AL,Alabama,Jefferson County,1,Recreation,East South Central,
01011,AL,Alabama,Lake County,7,Mining,East South Central,
01012,AL,Alabama,Lincoln County,3,Nonspecialized,East South Central,
01013,AL,Alabama,Madison County,1,Nonspecialized,East South Central,
01014,AL,Alabama,Marion County,2,Farming,East South Central,
01015,AL,Alabama,Monroe County,4,Recreation,East South Central,
01016,AL,Alabama,Montgomery County,9,Persistent poverty,East South Central,
01017,AL,Alabama,Morgan County,2,Manufacturing,East South Central,
01018,AL,Alabama,Orange County,3,Manufacturing,East South Central,
02001,AK,Alaska,Adams County,9,Manufacturing,Pacific,
02002,AK,Alaska,Benton County,8,Recreation,Pacific,
02003,AK,Alaska,Cedar County,7,Mining,Pacific,
02004,AK,Alaska,Clinton County,9,Farming,Pacific,
02005,AK,Alaska,Columbia County,8,Manufacturing,Pacific,
02006,AK,Alaska,Douglas County,9,Recreation,Pacific,
02007,AK,Alaska,Franklin County,7,Manufacturing,Pacific,
02008,AK,Alaska,Grant County,6,Manufacturing,Pacific,
02009,AK,Alaska,Jackson County,9,Farming,Pacific,
02010,AK,Alaska,Jefferson County,8,Nonspecialized,Pacific,
02011,AK,Alaska,Lake County,7,Federal/State government,Pacific,
02012,AK,Alaska,Lincoln County,6,Mining,Pacific,
04001,AZ,Arizona,Adams County,9,Manufacturing,Mountain,
04002,AZ,Arizona,Benton County,6,Persistent poverty,Mountain,
04003,AZ,Arizona,Cedar County,2,Mining,Mountain,
04004,AZ,Arizona,Clinton County,9,Manufacturing,Mountain,
04005,AZ,Arizona,Columbia County,3,Persistent poverty,Mountain,
04006,AZ,Arizona,Douglas County,6,Nonspecialized,Mountain,
04007,AZ,Arizona,Franklin County,8,Mining,Mountain,
04008,AZ,Arizona,Grant County,2,Persistent poverty,Mountain,
04009,AZ,Arizona,Jackson County,7,Recreation,Mountain,
04010,AZ,Arizona,Jefferson County,2,Farming,Mountain,
04011,AZ,Arizona,Lake County,8,Mining,Mountain,
04012,AZ,Arizona,Lincoln County,7,Mining,Mountain,
04013,AZ,Arizona,Madison County,5,Nonspecialized,Mountain,
04014,AZ,Arizona,Marion County,8,Recreation,Mountain,
06001,CA,California,Adams County,5,Persistent poverty,Pacific,
06002,CA,California,Benton County,5,Mining,Pacific,
06003,CA,California,Cedar County,2,Persistent poverty,Pacific,
06004,CA,California,Clinton County,5,Recreation,Pacific,
06005,CA,California,Columbia County,5,Nonspecialized,Pacific,
06006,CA,California,Douglas County,2,Federal/State government,Pacific,
06007,CA,California,Franklin County,4,Persistent poverty,Pacific,
06008,CA,California,Grant County,3,Farming,Pacific,
06009,CA,California,Jackson County,1,Federal/State government,Pacific,
06010,CA,California,Jefferson County,5,Nonspecialized,Pacific,
06011,CA,California,Lake County,2,Nonspecialized,Pacific,
06012,CA,California,Lincoln County,1,Nonspecialized,Pacific,
06013,CA,California,Madison County,1,Mining,Pacific,
06014,CA,California,Marion County,3,Nonspecialized,Pacific,
06015,CA,California,Monroe County,2,Recreation,Pacific,
06016,CA,California,Montgomery County,4,Farming,Pacific,
06017,CA,California,Morgan County,4,Nonspecialized,Pacific,
06018,CA,California,Orange County,4,Federal/State government,Pacific,
06019,CA,California,Pine County,5,Federal/State government,Pacific,
06020,CA,California,Polk County,3,Recreation,Pacific,
06021,CA,California,Riverside County,3,Mining,Pacific,
06022,CA,California,Summit County,2,Recreation,Pacific,
06023,CA,California,Union County,2,Manufacturing,Pacific,
06024,CA,California,Washington County,3,Mining,Pacific,
06025,CA,California,Wayne County,2,Farming,Pacific,
06026,CA,California,Woodland County,2,Mining,Pacific,
06027,CA,California,Adams 27 County,5,Manufacturing,Pacific,
06028,CA,California,Benton 28 County,4,Nonspecialized,Pacific,
06029,CA,California,Cedar 29 County,5,Nonspecialized,Pacific,
06030,CA,California,Clinton 30 County,2,Manufacturing,Pacific,
06031,CA,California,Columbia 31 County,3,Persistent poverty,Pacific,
06032,CA,California,Douglas 32 County,4,Persistent poverty,Pacific,
06033,CA,California,Franklin 33 County,5,Recreation,Pacific,
06034,CA,California,Grant 34 County,4,Farming,Pacific,
06035,CA,California,Jackson 35 County,3,Federal/State government,Pacific,
06036,CA,California,Jefferson 36 County,4,Mining,Pacific,
06037,CA,California,Lake 37 County,3,Mining,Pacific,
06038,CA,California,Lincoln 38 County,3,Mining,Pacific,
06039,CA,California,Madison 39 County,5,Persistent poverty,Pacific,
06040,CA,California,Marion 40 County,2,Recreation,Pacific,
08001,CO,Colorado,Adams County,2,Persistent poverty,Mountain,
08002,CO,Colorado,Benton County,9,Farming,Mountain,
08003,CO,Colorado,Cedar County,6,Farming,Mountain,
08004,CO,Colorado,Clinton County,9,Persistent poverty,Mountain,
08005,CO,Colorado,Columbia County,2,Manufacturing,Mountain,
08006,CO,Colorado,Douglas County,3,Nonspecialized,Mountain,
08007,CO,Colorado,Franklin County,7,Recreation,Mountain,
08008,CO,Colorado,Grant County,3,Nonspecialized,Mountain,
08009,CO,Colorado,Jackson County,7,Federal/State government,Mountain,
08010,CO,Colorado,Jefferson County,3,Federal/State government,Mountain,
08011,CO,Colorado,Lake County,8,Manufacturing,Mountain,
08012,CO,Colorado,Lincoln County,6,Persistent poverty,Mountain,
08013,CO,Colorado,Madison County,7,Farming,Mountain,
08014,CO,Colorado,Marion County,9,Manufacturing,Mountain,
08015,CO,Colorado,Monroe County,3,Persistent poverty,Mountain,
08016,CO,Colorado,Montgomery County,5,Federal/State government,Mountain,
08017,CO,Colorado,Morgan County,3,Recreation,Mountain,
08018,CO,Colorado,Orange County,8,Manufacturing,Mountain,
08019,CO,Colorado,Pine County,6,Manufacturing,Mountain,
08020,CO,Colorado,Polk County,1,Recreation,Mountain,
08021,CO,Colorado,Riverside County,4,Federal/State government,Mountain,
08022,CO,Colorado,Summit County,4,Nonspecialized,Mountain,
12001,FL,Florida,Adams County,5,Persistent poverty,South Atlantic,
12002,FL,Florida,Benton County,5,Recreation,South Atlantic,
12003,FL,Florida,Cedar County,2,Persistent poverty,South Atlantic,
12004,FL,Florida,Clinton County,4,Persistent poverty,South Atlantic,
12005,FL,Florida,Columbia County,3,Persistent poverty,South Atlantic,
12006,FL,Florida,Douglas County,1,Mining,South Atlantic,
12007,FL,Florida,Franklin County,5,Farming,South Atlantic,
12008,FL,Florida,Grant County,2,Mining,South Atlantic,
12009,FL,Florida,Jackson County,4,Nonspecialized,South Atlantic,
12010,FL,Florida,Jefferson County,4,Persistent poverty,South Atlantic,
12011,FL,Florida,Lake County,4,Farming,South Atlantic,
12012,FL,Florida,Lincoln County,4,Persistent poverty,South Atlantic,
12013,FL,Florida,Madison County,2,Persistent poverty,South Atlantic,
12014,FL,Florida,Marion County,4,Recreation,South Atlantic,
12015,FL,Florida,Monroe County,5,Mining,South Atlantic,
12016,FL,Florida,Montgomery County,1,Farming,South Atlantic,
12017,FL,Florida,Morgan County,4,Federal/State government,South Atlantic,
12018,FL,Florida,Orange County,3,Manufacturing,South Atlantic,
12019,FL,Florida,Pine County,1,Nonspecialized,South Atlantic,
12020,FL,Florida,Polk County,1,Recreation,South Atlantic,
12021,FL,Florida,Riverside County,3,Mining,South Atlantic,
12022,FL,Florida,Summit County,5,Federal/State government,South Atlantic,
12023,FL,Florida,Union County,5,Nonspecialized,South Atlantic,
12024,FL,Florida,Washington County,4,Nonspecialized,South Atlantic,
12025,FL,Florida,Wayne County,3,Mining,South Atlantic,
12026,FL,Florida,Woodland County,4,Mining,South Atlantic,
12027,FL,Florida,Adams 27 County,3,Recreation,South Atlantic,
12028,FL,Florida,Benton 28 County,2,Federal/State government,South Atlantic,
12029,FL,Florida,Cedar 29 County,5,Nonspecialized,South Atlantic,
12030,FL,Florida,Clinton 30 County,2,Mining,South Atlantic,
12031,FL,Florida,Columbia 31 County,1,Farming,South Atlantic,
12032,FL,Florida,Douglas 32 County,5,Manufacturing,South Atlantic,
12033,FL,Florida,Franklin 33 County,5,Farming,South Atlantic,
12034,FL,Florida,Grant 34 County,2,Farming,South Atlantic,
13001,GA,Georgia,Adams County,7,Recreation,South Atlantic,
13002,GA,Georgia,Benton County,8,Persistent poverty,South Atlantic,
13003,GA,Georgia,Cedar County,9,Manufacturing,South Atlantic,
13004,GA,Georgia,Clinton County,4,Farming,South Atlantic,
13005,GA,Georgia,Columbia County,8,Persistent poverty,South Atlantic,
13006,GA,Georgia,Douglas County,5,Federal/State government,South Atlantic,
13007,GA,Georgia,Franklin County,1,Nonspecialized,South Atlantic,
13008,GA,Georgia,Grant County,9,Nonspecialized,South Atlantic,
13009,GA,Georgia,Jackson County,6,Persistent poverty,South Atlantic,
13010,GA,Georgia,Jefferson County,7,Persistent poverty,South Atlantic,
13011,GA,Georgia,Lake County,3,Federal/State government,South Atlantic,
13012,GA,Georgia,Lincoln County,6,Recreation,South Atlantic,
13013,GA,Georgia,Madison County,4,Farming,South Atlantic,
13014,GA,Georgia,Marion County,5,Mining,South Atlantic,
13015,GA,Georgia,Monroe County,7,Federal/State government,South Atlantic,
13016,GA,Georgia,Montgomery County,8,Farming,South Atlantic,
13017,GA,Georgia,Morgan County,1,Federal/State government,South Atlantic,
13018,GA,Georgia,Orange County,7,Manufacturing,South Atlantic,
13019,GA,Georgia,Pine County,2,Farming,South Atlantic,
13020,GA,Georgia,Polk County,5,Persistent poverty,South Atlantic,
13021,GA,Georgia,Riverside County,6,Persistent poverty,South Atlantic,
13022,GA,Georgia,Summit County,1,Farming,South Atlantic,
13023,GA,Georgia,Union County,3,Persistent poverty,South Atlantic,
13024,GA,Georgia,Washington County,3,Recreation,South Atlantic,
13025,GA,Georgia,Wayne County,3,Farming,South Atlantic,
13026,GA,Georgia,Woodland County,9,Mining,South Atlantic,
13027,GA,Georgia,Adams 27 County,1,Manufacturing,South Atlantic,
13028,GA,Georgia,Benton 28 County,5,Farming,South Atlantic,
13029,GA,Georgia,Cedar 29 County,1,Recreation,South Atlantic,
13030,GA,Georgia,Clinton 30 County,9,Mining,South Atlantic,
13031,GA,Georgia,Columbia 31 County,8,Manufacturing,South Atlantic,
13032,GA,Georgia,Douglas 32 County,5,Nonspecialized,South Atlantic,
13033,GA,Georgia,Franklin 33 County,8,Federal/State government,South Atlantic,
13034,GA,Georgia,Grant 34 County,5,Farming,South Atlantic,
15001,HI,Hawaii,Adams County,8,Nonspecialized,Pacific,
15002,HI,Hawaii,Benton County,9,Nonspecialized,Pacific,
15003,HI,Hawaii,Cedar County,9,Nonspecialized,Pacific,
15004,HI,Hawaii,Clinton County,8,Farming,Pacific,
15005,HI,Hawaii,Columbia County,6,Mining,Pacific,
17001,IL,Illinois,Adams County,5,Federal/State government,East North Central,
17002,IL,Illinois,Benton County,5,Recreation,East North Central,
17003,IL,Illinois,Cedar County,9,Federal/State government,East North Central,
17004,IL,Illinois,Clinton County,6,Manufacturing,East North Central,
17005,IL,Illinois,Columbia County,7,Recreation,East North Central,
17006,IL,Illinois,Douglas County,5,Recreation,East North Central,
17007,IL,Illinois,Franklin County,1,Manufacturing,East North Central,
17008,IL,Illinois,Grant County,5,Federal/State government,East North Central,
17009,IL,Illinois,Jackson County,1,Mining,East North Central,
17010,IL,Illinois,Jefferson County,9,Nonspecialized,East North Central,
17011,IL,Illinois,Lake County,9,Persistent poverty,East North Central,
17012,IL,Illinois,Lincoln County,6,Mining,East North Central,
17013,IL,Illinois,Madison County,6,Manufacturing,East North Central,
17014,IL,Illinois,Marion County,5,Recreation,East North Central,
17015,IL,Illinois,Monroe County,3,Farming,East North Central,
17016,IL,Illinois,Montgomery County,9,Federal/State government,East North Central,
17017,IL,Illinois,Morgan County,1,Farming,East North Central,
17018,IL,Illinois,Orange County,1,Persistent poverty,East North Central,
17019,IL,Illinois,Pine County,2,Manufacturing,East North Central,
17020,IL,Illinois,Polk County,1,Recreation,East North Central,
17021,IL,Illinois,Riverside County,8,Farming,East North Central,
17022,IL,Illinois,Summit County,3,Nonspecialized,East North Central,
17023,IL,Illinois,Union County,1,Recreation,East North Central,
17024,IL,Illinois,Washington County,4,Manufacturing,East North Central,
17025,IL,Illinois,Wayne County,5,Federal/State government,East North Central,
17026,IL,Illinois,Woodland County,9,Federal/State government,East North Central,
17027,IL,Illinois,Adams 27 County,5,Nonspecialized,East North Central,
17028,IL,Illinois,Benton 28 County,8,Persistent poverty,East North Central,
21001,KY,Kentucky,Adams County,4,Recreation,East South Central,
21002,KY,Kentucky,Benton County,6,Manufacturing,East South Central,
21003,KY,Kentucky,Cedar County,7,Manufacturing,East South Central,
21004,KY,Kentucky,Clinton County,7,Manufacturing,East South Central,
21005,KY,Kentucky,Columbia County,7,Mining,East South Central,
21006,KY,Kentucky,Douglas County,4,Persistent poverty,East South Central,
21007,KY,Kentucky,Franklin County,1,Manufacturing,East South Central,
21008,KY,Kentucky,Grant County,8,Nonspecialized,East South Central,
21009,KY,Kentucky,Jackson County,9,Manufacturing,East South Central,
21010,KY,Kentucky,Jefferson County,7,Persistent poverty,East South Central,
21011,KY,Kentucky,Lake County,7,Federal/State government,East South Central,
21012,KY,Kentucky,Lincoln County,7,Manufacturing,East South Central,
21013,KY,Kentucky,Madison County,4,Federal/State government,East South Central,
21014,KY,Kentucky,Marion County,8,Federal/State government,East South Central,
21015,KY,Kentucky,Monroe County,4,Nonspecialized,East South Central,
21016,KY,Kentucky,Montgomery County,2,Federal/State government,East South Central,
21017,KY,Kentucky,Morgan County,9,Nonspecialized,East South Central,
21018,KY,Kentucky,Orange County,4,Federal/State government,East South Central,
21019,KY,Kentucky,Pine County,1,Recreation,East South Central,
21020,KY,Kentucky,Polk County,1,Persistent poverty,East South Central,
21021,KY,Kentucky,Riverside County,6,Nonspecialized,East South Central,
21022,KY,Kentucky,Summit County,6,Manufacturing,East South Central,
21023,KY,Kentucky,Union County,6,Federal/State government,East South Central,
21024,KY,Kentucky,Washington County,7,Recreation,East South Central,
22001,LA,Louisiana,Adams County,8,Recreation,West South Central,
22002,LA,Louisiana,Benton County,5,Mining,West South Central,
22003,LA,Louisiana,Cedar County,7,Mining,West South Central,
22004,LA,Louisiana,Clinton County,6,Federal/State government,West South Central,
22005,LA,Louisiana,Columbia County,4,Recreation,West South Central,
22006,LA,Louisiana,Douglas County,6,Federal/State government,West South Central,
22007,LA,Louisiana,Franklin County,5,Federal/State government,West South Central,
22008,LA,Louisiana,Grant County,6,Recreation,West South Central,
22009,LA,Louisiana,Jackson County,5,Persistent poverty,West South Central,
22010,LA,Louisiana,Jefferson County,5,Recreation,West South Central,
22011,LA,Louisiana,Lake County,8,Mining,West South Central,
22012,LA,Louisiana,Lincoln County,6,Nonspecialized,West South Central,
22013,LA,Louisiana,Madison County,2,Federal/State government,West South Central,
22014,LA,Louisiana,Marion County,9,Recreation,West South Central,
22015,LA,Louisiana,Monroe County,6,Recreation,West South Central,
22016,LA,Louisiana,Montgomery County,9,Nonspecialized,West South Central,
22017,LA,Louisiana,Morgan County,5,Manufacturing,West South Central,
22018,LA,Louisiana,Orange County,9,Federal/State government,West South Central,
22019,LA,Louisiana,Pine County,4,Persistent poverty,West South Central,
22020,LA,Louisiana,Polk County,5,Farming,West South Central,
25001,MA,Massachusetts,Adams County,2,Manufacturing,New England,
25002,MA,Massachusetts,Benton County,4,Recreation,New England,
25003,MA,Massachusetts,Cedar County,2,Persistent poverty,New England,
25004,MA,Massachusetts,Clinton County,9,Recreation,New England,
25005,MA,Massachusetts,Columbia County,1,Federal/State government,New England,
25006,MA,Massachusetts,Douglas County,3,Manufacturing,New England,
25007,MA,Massachusetts,Franklin County,8,Farming,New England,
25008,MA,Massachusetts,Grant County,4,Federal/State government,New England,
25009,MA,Massachusetts,Jackson County,8,Farming,New England,
25010,MA,Massachusetts,Jefferson County,3,Federal/State government,New England,
25011,MA,Massachusetts,Lake County,6,Nonspecialized,New England,
25012,MA,Massachusetts,Lincoln County,7,Mining,New England,
26001,MI,Michigan,Adams County,9,Federal/State government,East North Central,
26002,MI,Michigan,Benton County,4,Nonspecialized,East North Central,
26003,MI,Michigan,Cedar County,2,Federal/State government,East North Central,
26004,MI,Michigan,Clinton County,5,Manufacturing,East North Central,
26005,MI,Michigan,Columbia County,7,Persistent poverty,East North Central,
26006,MI,Michigan,Douglas County,5,Farming,East North Central,
26007,MI,Michigan,Franklin County,1,Mining,East North Central,
26008,MI,Michigan,Grant County,5,Recreation,East North Central,
26009,MI,Michigan,Jackson County,6,Farming,East North Central,
26010,MI,Michigan,Jefferson County,3,Recreation,East North Central,
26011,MI,Michigan,Lake County,6,Nonspecialized,East North Central,
26012,MI,Michigan,Lincoln County,8,Federal/State government,East North Central,
26013,MI,Michigan,Madison County,2,Persistent poverty,East North Central,
26014,MI,Michigan,Marion County,3,Nonspecialized,East North Central,
26015,MI,Michigan,Monroe County,7,Manufacturing,East North Central,
26016,MI,Michigan,Montgomery County,8,Manufacturing,East North Central,
26017,MI,Michigan,Morgan County,8,Persistent poverty,East North Central,
26018,MI,Michigan,Orange County,8,Federal/State government,East North Central,
26019,MI,Michigan,Pine County,8,Mining,East North Central,
26020,MI,Michigan,Polk County,4,Farming,East North Central,
26021,MI,Michigan,Riverside County,9,Farming,East North Central,
26022,MI,Michigan,Summit County,6,Federal/State government,East North Central,
26023,MI,Michigan,Union County,2,Farming,East North Central,
26024,MI,Michigan,Washington County,6,Manufacturing,East North Central,
26025,MI,Michigan,Wayne County,1,Manufacturing,East North Central,
26026,MI,Michigan,Woodland County,6,Farming,East North Central,
27001,MN,Minnesota,Adams County,8,Recreation,West North Central,
27002,MN,Minnesota,Benton County,8,Persistent poverty,West North Central,
27003,MN,Minnesota,Cedar County,7,Manufacturing,West North Central,
27004,MN,Minnesota,Clinton County,2,Recreation,West North Central,
27005,MN,Minnesota,Columbia County,4,Mining,West North Central,
27006,MN,Minnesota,Douglas County,9,Persistent poverty,West North Central,
27007,MN,Minnesota,Franklin County,2,Persistent poverty,West North Central,
27008,MN,Minnesota,Grant County,3,Nonspecialized,West North Central,
27009,MN,Minnesota,Jackson County,9,Nonspecialized,West North Central,
27010,MN,Minnesota,Jefferson County,3,Recreation,West North Central,
27011,MN,Minnesota,Lake County,6,Federal/State government,West North Central,
27012,MN,Minnesota,Lincoln County,3,Nonspecialized,West North Central,
27013,MN,Minnesota,Madison County,5,Mining,West North Central,
27014,MN,Minnesota,Marion County,7,Nonspecialized,West North Central,
27015,MN,Minnesota,Monroe County,8,Nonspecialized,West North Central,
27016,MN,Minnesota,Montgomery County,7,Manufacturing,West North Central,
27017,MN,Minnesota,Morgan County,5,Recreation,West North Central,
27018,MN,Minnesota,Orange County,6,Manufacturing,West North Central,
27019,MN,Minnesota,Pine County,2,Farming,West North Central,
27020,MN,Minnesota,Polk County,6,Recreation,West North Central,
27021,MN,Minnesota,Riverside County,3,Nonspecialized,West North Central,
27022,MN,Minnesota,Summit County,7,Federal/State government,West North Central,
28001,MS,Mississippi,Adams County,4,Farming,East South Central,
28002,MS,Mississippi,Benton County,4,Nonspecialized,East South Central,
28003,MS,Mississippi,Cedar County,2,Manufacturing,East South Central,
28004,MS,Mississippi,Clinton County,5,Mining,East South Central,
28005,MS,Mississippi,Columbia County,8,Recreation,East South Central,
28006,MS,Mississippi,Douglas County,6,Manufacturing,East South Central,
28007,MS,Mississippi,Franklin County,9,Federal/State government,East South Central,
28008,MS,Mississippi,Grant County,1,Persistent poverty,East South Central,
28009,MS,Mississippi,Jackson County,4,Recreation,East South Central,
28010,MS,Mississippi,Jefferson County,6,Manufacturing,East South Central,
28011,MS,Mississippi,Lake County,8,Recreation,East South Central,
28012,MS,Mississippi,Lincoln County,3,Manufacturing,East South Central,
28013,MS,Mississippi,Madison County,3,Recreation,East South Central,
28014,MS,Mississippi,Marion County,4,Mining,East South Central,
28015,MS,Mississippi,Monroe County,6,Federal/State government,East South Central,
28016,MS,Mississippi,Montgomery County,6,Farming,East South Central,
28017,MS,Mississippi,Morgan County,6,Recreation,East South Central,
28018,MS,Mississippi,Orange County,6,Nonspecialized,East South Central,
28019,MS,Mississippi,Pine County,3,Persistent poverty,East South Central,
28020,MS,Mississippi,Polk County,9,Federal/State government,East South Central,
37001,NC,North Carolina,Adams County,2,Persistent poverty,South Atlantic,
37002,NC,North Carolina,Benton County,7,Federal/State government,South Atlantic,
37003,NC,North Carolina,Cedar County,1,Persistent poverty,South Atlantic,
37004,NC,North Carolina,Clinton County,9,Recreation,South Atlantic,
37005,NC,North Carolina,Columbia County,5,Recreation,South Atlantic,
37006,NC,North Carolina,Douglas County,5,Mining,South Atlantic,
37007,NC,North Carolina,Franklin County,9,Federal/State government,South Atlantic,
37008,NC,North Carolina,Grant County,9,Mining,South Atlantic,
37009,NC,North Carolina,Jackson County,4,Federal/State government,South Atlantic,
37010,NC,North Carolina,Jefferson County,9,Nonspecialized,South Atlantic,
37011,NC,North Carolina,Lake County,1,Farming,South Atlantic,
37012,NC,North Carolina,Lincoln County,4,Federal/State government,South Atlantic,
37013,NC,North Carolina,Madison County,4,Manufacturing,South Atlantic,
37014,NC,North Carolina,Marion County,4,Farming,South Atlantic,
37015,NC,North Carolina,Monroe County,3,Federal/State government,South Atlantic,
37016,NC,North Carolina,Montgomery County,2,Manufacturing,South Atlantic,
37017,NC,North Carolina,Morgan County,8,Mining,South Atlantic,
37018,NC,North Carolina,Orange County,3,Nonspecialized,South Atlantic,
37019,NC,North Carolina,Pine County,7,Mining,South Atlantic,
37020,NC,North Carolina,Polk County,2,Federal/State government,South Atlantic,
37021,NC,North Carolina,Riverside County,3,Farming,South Atlantic,
37022,NC,North Carolina,Summit County,9,Manufacturing,South Atlantic,
37023,NC,North Carolina,Union County,5,Farming,South Atlantic,
37024,NC,North Carolina,Washington County,5,Farming,South Atlantic,
37025,NC,North Carolina,Wayne County,5,Federal/State government,South Atlantic,
37026,NC,North Carolina,Woodland County,5,Farming,South Atlantic,
37027,NC,North Carolina,Adams 27 County,6,Farming,South Atlantic,
37028,NC,North Carolina,Benton 28 County,8,Recreation,South Atlantic,
37029,NC,North Carolina,Cedar 29 County,5,Farming,South Atlantic,
37030,NC,North Carolina,Clinton 30 County,3,Persistent poverty,South Atlantic,
37031,NC,North Carolina,Columbia 31 County,1,Nonspecialized,South Atlantic,
37032,NC,North Carolina,Douglas 32 County,1,Manufacturing,South Atlantic,
36001,NY,New York,Adams County,3,Recreation,Middle Atlantic,
36002,NY,New York,Benton County,1,Persistent poverty,Middle Atlantic,
36003,NY,New York,Cedar County,1,Recreation,Middle Atlantic,
36004,NY,New York,Clinton County,5,Federal/State government,Middle Atlantic,
36005,NY,New York,Columbia County,1,Mining,Middle Atlantic,
36006,NY,New York,Douglas County,3,Persistent poverty,Middle Atlantic,
36007,NY,New York,Franklin County,4,Farming,Middle Atlantic,
36008,NY,New York,Grant County,3,Nonspecialized,Middle Atlantic,
36009,NY,New York,Jackson County,5,Recreation,Middle Atlantic,
36010,NY,New York,Jefferson County,3,Farming,Middle Atlantic,
36011,NY,New York,Lake County,5,Farming,Middle Atlantic,
36012,NY,New York,Lincoln County,2,Recreation,Middle Atlantic,
36013,NY,New York,Madison County,2,Mining,Middle Atlantic,
36014,NY,New York,Marion County,1,Federal/State government,Middle Atlantic,
36015,NY,New York,Monroe County,5,Persistent poverty,Middle Atlantic,
36016,NY,New York,Montgomery County,3,Recreation,Middle Atlantic,
36017,NY,New York,Morgan County,2,Mining,Middle Atlantic,
36018,NY,New York,Orange County,2,Farming,Middle Atlantic,
36019,NY,New York,Pine County,4,Nonspecialized,Middle Atlantic,
36020,NY,New York,Polk County,1,Nonspecialized,Middle Atlantic,
36021,NY,New York,Riverside County,2,Recreation,Middle Atlantic,
36022,NY,New York,Summit County,3,Mining,Middle Atlantic,
36023,NY,New York,Union County,5,Farming,Middle Atlantic,
36024,NY,New York,Washington County,3,Farming,Middle Atlantic,
36025,NY,New York,Wayne County,4,Manufacturing,Middle Atlantic,
36026,NY,New York,Woodland County,1,Mining,Middle Atlantic,
36027,NY,New York,Adams 27 County,4,Manufacturing,Middle Atlantic,
36028,NY,New York,Benton 28 County,5,Nonspecialized,Middle Atlantic,
36029,NY,New York,Cedar 29 County,1,Nonspecialized,Middle Atlantic,
36030,NY,New York,Clinton 30 County,1,Recreation,Middle Atlantic,
39001,OH,Ohio,Adams County,7,Farming,East North Central,
39002,OH,Ohio,Benton County,7,Nonspecialized,East North Central,
39003,OH,Ohio,Cedar County,7,Federal/State government,East North Central,
39004,OH,Ohio,Clinton County,3,Farming,East North Central,
39005,OH,Ohio,Columbia County,6,Recreation,East North Central,
39006,OH,Ohio,Douglas County,6,Farming,East North Central,
39007,OH,Ohio,Franklin County,3,Recreation,East North Central,
39008,OH,Ohio,Grant County,2,Mining,East North Central,
39009,OH,Ohio,Jackson County,1,Federal/State government,East North Central,
39010,OH,Ohio,Jefferson County,4,Nonspecialized,East North Central,
39011,OH,Ohio,Lake County,3,Recreation,East North Central,
39012,OH,Ohio,Lincoln County,9,Nonspecialized,East North Central,
39013,OH,Ohio,Madison County,3,Nonspecialized,East North Central,
39014,OH,Ohio,Marion County,8,Nonspecialized,East North Central,
39015,OH,Ohio,Monroe County,4,Manufacturing,East North Central,
39016,OH,Ohio,Montgomery County,8,Nonspecialized,East North Central,
39017,OH,Ohio,Morgan County,3,Persistent poverty,East North Central,
39018,OH,Ohio,Orange County,5,Nonspecialized,East North Central,
39019,OH,Ohio,Pine County,8,Recreation,East North Central,
39020,OH,Ohio,Polk County,6,Persistent poverty,East North Central,
39021,OH,Ohio,Riverside County,1,Farming,East North Central,
39022,OH,Ohio,Summit County,2,Persistent poverty,East North Central,
39023,OH,Ohio,Union County,1,Federal/State government,East North Central,
39024,OH,Ohio,Washington County,5,Farming,East North Central,
39025,OH,Ohio,Wayne County,1,Nonspecialized,East North Central,
39026,OH,Ohio,Woodland County,1,Federal/State government,East North Central,
39027,OH,Ohio,Adams 27 County,4,Persistent poverty,East North Central,
39028,OH,Ohio,Benton 28 County,9,Recreation,East North Central,
39029,OH,Ohio,Cedar 29 County,2,Farming,East North Central,
39030,OH,Ohio,Clinton 30 County,9,Farming,East North Central,
41001,OR,Oregon,Adams County,3,Manufacturing,Pacific,
41002,OR,Oregon,Benton County,1,Mining,Pacific,
41003,OR,Oregon,Cedar County,9,Nonspecialized,Pacific,
41004,OR,Oregon,Clinton County,9,Persistent poverty,Pacific,
41005,OR,Oregon,Columbia County,2,Farming,Pacific,
41006,OR,Oregon,Douglas County,1,Recreation,Pacific,
41007,OR,Oregon,Franklin County,9,Persistent poverty,Pacific,
41008,OR,Oregon,Grant County,6,Farming,Pacific,
41009,OR,Oregon,Jackson County,9,Farming,Pacific,
41010,OR,Oregon,Jefferson County,8,Manufacturing,Pacific,
41011,OR,Oregon,Lake County,4,Federal/State government,Pacific,
41012,OR,Oregon,Lincoln County,5,Federal/State government,Pacific,
41013,OR,Oregon,Madison County,9,Mining,Pacific,
41014,OR,Oregon,Marion County,8,Recreation,Pacific,
41015,OR,Oregon,Monroe County,5,Farming,Pacific,
41016,OR,Oregon,Montgomery County,3,Mining,Pacific,
41017,OR,Oregon,Morgan County,2,Persistent poverty,Pacific,
41018,OR,Oregon,Orange County,8,Manufacturing,Pacific,
42001,PA,Pennsylvania,Adams County,6,Persistent poverty,Middle Atlantic,
42002,PA,Pennsylvania,Benton County,8,Manufacturing,Middle Atlantic,
42003,PA,Pennsylvania,Cedar County,7,Persistent poverty,Middle Atlantic,
42004,PA,Pennsylvania,Clinton County,1,Recreation,Middle Atlantic,
42005,PA,Pennsylvania,Columbia County,5,Manufacturing,Middle Atlantic,
42006,PA,Pennsylvania,Douglas County,3,Federal/State government,Middle Atlantic,
42007,PA,Pennsylvania,Franklin County,3,Persistent poverty,Middle Atlantic,
42008,PA,Pennsylvania,Grant County,6,Manufacturing,Middle Atlantic,
42009,PA,Pennsylvania,Jackson County,9,Nonspecialized,Middle Atlantic,
42010,PA,Pennsylvania,Jefferson County,3,Farming,Middle Atlantic,
42011,PA,Pennsylvania,Lake County,9,Manufacturing,Middle Atlantic,
42012,PA,Pennsylvania,Lincoln County,3,Manufacturing,Middle Atlantic,
42013,PA,Pennsylvania,Madison County,5,Farming,Middle Atlantic,
42014,PA,Pennsylvania,Marion County,3,Manufacturing,Middle Atlantic,
42015,PA,Pennsylvania,Monroe County,4,Manufacturing,Middle Atlantic,
42016,PA,Pennsylvania,Montgomery County,3,Nonspecialized,Middle Atlantic,
42017,PA,Pennsylvania,Morgan County,4,Farming,Middle Atlantic,
42018,PA,Pennsylvania,Orange County,1,Farming,Middle Atlantic,
42019,PA,Pennsylvania,Pine County,1,Persistent poverty,Middle Atlantic,
42020,PA,Pennsylvania,Polk County,4,Farming,Middle Atlantic,
42021,PA,Pennsylvania,Riverside County,9,Manufacturing,Middle Atlantic,
42022,PA,Pennsylvania,Summit County,2,Recreation,Middle Atlantic,
42023,PA,Pennsylvania,Union County,2,Federal/State government,Middle Atlantic,
42024,PA,Pennsylvania,Washington County,5,Manufacturing,Middle Atlantic,
42025,PA,Pennsylvania,Wayne County,9,Nonspecialized,Middle Atlantic,
42026,PA,Pennsylvania,Woodland County,5,Recreation,Middle Atlantic,
42027,PA,Pennsylvania,Adams 27 County,1,Federal/State government,Middle Atlantic,
42028,PA,Pennsylvania,Benton 28 County,9,Manufacturing,Middle Atlantic,
42029,PA,Pennsylvania,Cedar 29 County,2,Federal/State government,Middle Atlantic,
42030,PA,Pennsylvania,Clinton 30 County,2,Federal/State government,Middle Atlantic,
47001,TN,Tennessee,Adams County,3,Nonspecialized,East South Central,
47002,TN,Tennessee,Benton County,4,Nonspecialized,East South Central,
47003,TN,Tennessee,Cedar County,1,Recreation,East South Central,
47004,TN,Tennessee,Clinton County,7,Farming,East South Central,
47005,TN,Tennessee,Columbia County,3,Nonspecialized,East South Central,
47006,TN,Tennessee,Douglas County,2,Mining,East South Central,
47007,TN,Tennessee,Franklin County,6,Recreation,East South Central,
47008,TN,Tennessee,Grant County,9,Nonspecialized,East South Central,
47009,TN,Tennessee,Jackson County,9,Recreation,East South Central,
47010,TN,Tennessee,Jefferson County,6,Recreation,East South Central,
47011,TN,Tennessee,Lake County,3,Mining,East South Central,
47012,TN,Tennessee,Lincoln County,2,Persistent poverty,East South Central,
47013,TN,Tennessee,Madison County,7,Farming,East South Central,
47014,TN,Tennessee,Marion County,9,Mining,East South Central,
47015,TN,Tennessee,Monroe County,4,Recreation,East South Central,
47016,TN,Tennessee,Montgomery County,8,Federal/State government,East South Central,
47017,TN,Tennessee,Morgan County,6,Manufacturing,East South Central,
47018,TN,Tennessee,Orange County,1,Farming,East South Central,
47019,TN,Tennessee,Pine County,3,Mining,East South Central,
47020,TN,Tennessee,Polk County,6,Manufacturing,East South Central,
47021,TN,Tennessee,Riverside County,9,Recreation,East South Central,
47022,TN,Tennessee,Summit County,6,Federal/State government,East South Central,
47023,TN,Tennessee,Union County,6,Manufacturing,East South Central,
47024,TN,Tennessee,Washington County,5,Persistent poverty,East South Central,
47025,TN,Tennessee,Wayne County,4,Federal/State government,East South Central,
47026,TN,Tennessee,Woodland County,6,Recreation,East South Central,
47027,TN,Tennessee,Adams 27 County,9,Persistent poverty,East South Central,
47028,TN,Tennessee,Benton 28 County,6,Manufacturing,East South Central,
48001,TX,Texas,Adams County,3,Nonspecialized,West South Central,
48002,TX,Texas,Benton County,4,Mining,West South Central,
48003,TX,Texas,Cedar County,1,Manufacturing,West South Central,
48004,TX,Texas,Clinton County,1,Nonspecialized,West South Central,
48005,TX,Texas,Columbia County,1,Manufacturing,West South Central,
48006,TX,Texas,Douglas County,4,Persistent poverty,West South Central,
48007,TX,Texas,Franklin County,5,Nonspecialized,West South Central,
48008,TX,Texas,Grant County,1,Nonspecialized,West South Central,
48009,TX,Texas,Jackson County,3,Federal/State government,West South Central,
48010,TX,Texas,Jefferson County,2,Nonspecialized,West South Central,
48011,TX,Texas,Lake County,4,Manufacturing,West South Central,
48012,TX,Texas,Lincoln County,4,Manufacturing,West South Central,
48013,TX,Texas,Madison County,2,Nonspecialized,West South Central,
48014,TX,Texas,Marion County,4,Mining,West South Central,
48015,TX,Texas,Monroe County,1,Federal/State government,West South Central,
48016,TX,Texas,Montgomery County,2,Federal/State government,West South Central,
48017,TX,Texas,Morgan County,1,Mining,West South Central,
48018,TX,Texas,Orange County,1,Recreation,West South Central,
48019,TX,Texas,Pine County,1,Federal/State government,West South Central,
48020,TX,Texas,Polk County,1,Mining,West South Central,
48021,TX,Texas,Riverside County,5,Farming,West South Central,
48022,TX,Texas,Summit County,4,Nonspecialized,West South Central,
48023,TX,Texas,Union County,1,Manufacturing,West South Central,
48024,TX,Texas,Washington County,3,Farming,West South Central,
48025,TX,Texas,Wayne County,3,Mining,West South Central,
48026,TX,Texas,Woodland County,5,Federal/State government,West South Central,
48027,TX,Texas,Adams 27 County,5,Manufacturing,West South Central,
48028,TX,Texas,Benton 28 County,2,Federal/State government,West South Central,
48029,TX,Texas,Cedar 29 County,4,Farming,West South Central,
48030,TX,Texas,Clinton 30 County,2,Mining,West South Central,
48031,TX,Texas,Columbia 31 County,5,Persistent poverty,West South Central,
48032,TX,Texas,Douglas 32 County,2,Recreation,West South Central,
48033,TX,Texas,Franklin 33 County,4,Farming,West South Central,
48034,TX,Texas,Grant 34 County,5,Federal/State government,West South Central,
48035,TX,Texas,Jackson 35 County,1,Nonspecialized,West South Central,
48036,TX,Texas,Jefferson 36 County,2,Nonspecialized,West South Central,
48037,TX,Texas,Lake 37 County,3,Manufacturing,West South Central,
48038,TX,Texas,Lincoln 38 County,2,Farming,West South Central,
48039,TX,Texas,Madison 39 County,1,Federal/State government,West South Central,
48040,TX,Texas,Marion 40 County,1,Manufacturing,West South Central,
48041,TX,Texas,Monroe 41 County,1,Manufacturing,West South Central,
48042,TX,Texas,Montgomery 42 County,4,Farming,West South Central,
48043,TX,Texas,Morgan 43 County,4,Manufacturing,West South Central,
48044,TX,Texas,Orange 44 County,2,Recreation,West South Central,
48045,TX,Texas,Pine 45 County,3,Recreation,West South Central,
48046,TX,Texas,Polk 46 County,3,Mining,West South Central,
48047,TX,Texas,Riverside 47 County,5,Federal/State government,West South Central,
48048,TX,Texas,Summit 48 County,1,Manufacturing,West South Central,
51001,VA,Virginia,Adams County,6,Persistent poverty,South Atlantic,
51002,VA,Virginia,Benton County,6,Nonspecialized,South Atlantic,
51003,VA,Virginia,Cedar County,3,Recreation,South Atlantic,
51004,VA,Virginia,Clinton County,5,Manufacturing,South Atlantic,
51005,VA,Virginia,Columbia County,6,Manufacturing,South Atlantic,
51006,VA,Virginia,Douglas County,8,Mining,South Atlantic,
51007,VA,Virginia,Franklin County,3,Recreation,South Atlantic,
51008,VA,Virginia,Grant County,5,Mining,South Atlantic,
51009,VA,Virginia,Jackson County,6,Recreation,South Atlantic,
51010,VA,Virginia,Jefferson County,5,Mining,South Atlantic,
51011,VA,Virginia,Lake County,8,Nonspecialized,South Atlantic,
51012,VA,Virginia,Lincoln County,6,Persistent poverty,South Atlantic,
51013,VA,Virginia,Madison County,4,Federal/State government,South Atlantic,
51014,VA,Virginia,Marion County,4,Recreation,South Atlantic,
51015,VA,Virginia,Monroe County,2,Manufacturing,South Atlantic,
51016,VA,Virginia,Montgomery County,8,Nonspecialized,South Atlantic,
51017,VA,Virginia,Morgan County,1,Nonspecialized,South Atlantic,
51018,VA,Virginia,Orange County,2,Nonspecialized,South Atlantic,
51019,VA,Virginia,Pine County,8,Recreation,South Atlantic,
51020,VA,Virginia,Polk County,7,Recreation,South Atlantic,
51021,VA,Virginia,Riverside County,4,Persistent poverty,South Atlantic,
51022,VA,Virginia,Summit County,6,Federal/State government,South Atlantic,
51023,VA,Virginia,Union County,9,Nonspecialized,South Atlantic,
51024,VA,Virginia,Washington County,6,Manufacturing,South Atlantic,
51025,VA,Virginia,Wayne County,5,Manufacturing,South Atlantic,
51026,VA,Virginia,Woodland County,6,Nonspecialized,South Atlantic,
51027,VA,Virginia,Adams 27 County,5,Farming,South Atlantic,
51028,VA,Virginia,Benton 28 County,1,Nonspecialized,South Atlantic,
53001,WA,Washington,Adams County,2,Farming,Pacific,
53002,WA,Washington,Benton County,5,Federal/State government,Pacific,
53003,WA,Washington,Cedar County,1,Mining,Pacific,
53004,WA,Washington,Clinton County,2,Farming,Pacific,
53005,WA,Washington,Columbia County,4,Mining,Pacific,
53006,WA,Washington,Douglas County,4,Manufacturing,Pacific,
53007,WA,Washington,Franklin County,2,Manufacturing,Pacific,
53008,WA,Washington,Grant County,2,Persistent poverty,Pacific,
53009,WA,Washington,Jackson County,5,Farming,Pacific,
53010,WA,Washington,Jefferson County,1,Federal/State government,Pacific,
53011,WA,Washington,Lake County,1,Mining,Pacific,
53012,WA,Washington,Lincoln County,4,Manufacturing,Pacific,
53013,WA,Washington,Madison County,4,Farming,Pacific,
53014,WA,Washington,Marion County,1,Manufacturing,Pacific,
53015,WA,Washington,Monroe County,4,Persistent poverty,Pacific,
53016,WA,Washington,Montgomery County,4,Nonspecialized,Pacific,
53017,WA,Washington,Morgan County,5,Manufacturing,Pacific,
53018,WA,Washington,Orange County,5,Mining,Pacific,
54001,WV,West Virginia,Adams County,7,Manufacturing,South Atlantic,
54002,WV,West Virginia,Benton County,9,Recreation,South Atlantic,
54003,WV,West Virginia,Cedar County,9,Nonspecialized,South Atlantic,
54004,WV,West Virginia,Clinton County,6,Manufacturing,South Atlantic,
54005,WV,West Virginia,Columbia County,9,Nonspecialized,South Atlantic,
54006,WV,West Virginia,Douglas County,9,Persistent poverty,South Atlantic,
54007,WV,West Virginia,Franklin County,9,Federal/State government,South Atlantic,
54008,WV,West Virginia,Grant County,6,Mining,South Atlantic,
54009,WV,West Virginia,Jackson County,8,Recreation,South Atlantic,
54010,WV,West Virginia,Jefferson County,9,Manufacturing,South Atlantic,
54011,WV,West Virginia,Lake County,7,Farming,South Atlantic,
54012,WV,West Virginia,Lincoln County,7,Recreation,South Atlantic,
54013,WV,West Virginia,Madison County,8,Federal/State government,South Atlantic,
54014,WV,West Virginia,Marion County,9,Recreation,South Atlantic,
55001,WI,Wisconsin,Adams County,8,Recreation,East North Central,
55002,WI,Wisconsin,Benton County,3,Federal/State government,East North Central,
55003,WI,Wisconsin,Cedar County,8,Recreation,East North Central,
55004,WI,Wisconsin,Clinton County,1,Recreation,East North Central,
55005,WI,Wisconsin,Columbia County,1,Manufacturing,East North Central,
55006,WI,Wisconsin,Douglas County,4,Farming,East North Central,
55007,WI,Wisconsin,Franklin County,9,Nonspecialized,East North Central,
55008,WI,Wisconsin,Grant County,2,Farming,East North Central,
55009,WI,Wisconsin,Jackson County,5,Persistent poverty,East North Central,
55010,WI,Wisconsin,Jefferson County,2,Farming,East North Central,
55011,WI,Wisconsin,Lake County,3,Manufacturing,East North Central,
55012,WI,Wisconsin,Lincoln County,4,Federal/State government,East North Central,
55013,WI,Wisconsin,Madison County,9,Mining,East North Central,
55014,WI,Wisconsin,Marion County,7,Persistent poverty,East North Central,
55015,WI,Wisconsin,Monroe County,8,Persistent poverty,East North Central,
55016,WI,Wisconsin,Montgomery County,8,Manufacturing,East North Central,
55017,WI,Wisconsin,Morgan County,4,Manufacturing,East North Central,
55018,WI,Wisconsin,Orange County,7,Nonspecialized,East North Central,
55019,WI,Wisconsin,Pine County,5,Mining,East North Central,
55020,WI,Wisconsin,Polk County,8,Persistent poverty,East North Central,
55021,WI,Wisconsin,Riverside County,2,Mining,East North Central,
55022,WI,Wisconsin,Summit County,9,Nonspecialized,East North Central,
00000,ZZ,Invalid state,Unknown County,,Invalid FIPS distractor,,Invalid FIPS county-like row
46113,SD,South Dakota,Shannon County,9,Old name,West North Central,Old county name; current name is Oglala Lakota County
