account_id,legal_name,segment,region,month,recognized_revenue,clean_ticket_count,sla_compliance,nps_score,product_usage,active_seats
acct_globex_north,Globex North Holdings LLC,Enterprise,North America,2026-01,102223.74,4,93.31,52,76.98,102
acct_globex_north,Globex North Holdings LLC,Enterprise,North America,2026-02,96510.44,2,88.51,76,82.04,116
acct_globex_north,Globex North Holdings LLC,Enterprise,North America,2026-03,102186.92,5,90.91,62,74.97,111
acct_globex_north,Globex North Holdings LLC,Enterprise,North America,2026-04,95756.67,4,95.2,45,76.12,109
acct_globex_north,Globex North Holdings LLC,Enterprise,North America,2026-05,98509.22,4,94.67,61,83.52,115
acct_globex_north,Globex North Holdings LLC,Enterprise,North America,2026-06,105156.27,1,95.43,56,83.97,124
acct_globex_north,Globex North Holdings LLC,Enterprise,North America,2026-07,98933.07,5,90.76,53,78.41,111
acct_globex_north,Globex North Holdings LLC,Enterprise,North America,2026-08,98513.11,3,91.27,50,81.59,115
acct_globex_north,Globex North Holdings LLC,Enterprise,North America,2026-09,102077.11,2,89.09,93,78.48,108
acct_globex_north,Globex North Holdings LLC,Enterprise,North America,2026-10,98471.61,2,95.07,55,78.01,104
acct_globex_north,Globex North Holdings LLC,Enterprise,North America,2026-11,97703.65,3,90.21,51,84.83,115
acct_globex_north,Globex North Holdings LLC,Enterprise,North America,2026-12,101449.97,1,94.37,46,80.34,107
acct_northstar_finance,Northstar Finance Group Inc.,Strategic,North America,2026-01,120010.56,2,87.61,,57.03,96
acct_northstar_finance,Northstar Finance Group Inc.,Strategic,North America,2026-02,118187.76,5,87.74,14,61.51,99
acct_northstar_finance,Northstar Finance Group Inc.,Strategic,North America,2026-03,118968.96,2,90.65,,54.51,87
acct_northstar_finance,Northstar Finance Group Inc.,Strategic,North America,2026-04,118387.61,5,85.9,17,53.87,95
acct_northstar_finance,Northstar Finance Group Inc.,Strategic,North America,2026-05,118911.78,4,87.28,,52.77,85
acct_northstar_finance,Northstar Finance Group Inc.,Strategic,North America,2026-06,120797.14,4,84.14,39,55.67,98
acct_northstar_finance,Northstar Finance Group Inc.,Strategic,North America,2026-07,115931.73,2,88.93,11,53.9,89
acct_northstar_finance,Northstar Finance Group Inc.,Strategic,North America,2026-08,115689.64,3,87.64,35,54.01,83
acct_northstar_finance,Northstar Finance Group Inc.,Strategic,North America,2026-09,123737.05,7,85.54,32,52.6,83
acct_northstar_finance,Northstar Finance Group Inc.,Strategic,North America,2026-10,114869.68,3,89.52,,62.11,103
acct_northstar_finance,Northstar Finance Group Inc.,Strategic,North America,2026-11,118004.67,4,86.36,-8,64.38,107
acct_northstar_finance,Northstar Finance Group Inc.,Strategic,North America,2026-12,126568.12,2,90.79,40,55.27,97
acct_northstar_retail,Northstar Retail Services LLC,Mid-Market,North America,2026-01,19847.17,3,83.3,22,58.41,18
acct_northstar_retail,Northstar Retail Services LLC,Mid-Market,North America,2026-02,19194.11,4,86.51,,60.77,20
acct_northstar_retail,Northstar Retail Services LLC,Mid-Market,North America,2026-03,19479.45,4,89.65,73,58.37,18
acct_northstar_retail,Northstar Retail Services LLC,Mid-Market,North America,2026-04,20090.49,6,90.12,,59.48,19
acct_northstar_retail,Northstar Retail Services LLC,Mid-Market,North America,2026-05,19263.8,4,88.84,18,63.17,22
acct_northstar_retail,Northstar Retail Services LLC,Mid-Market,North America,2026-06,20212.03,4,85.26,,56.41,18
acct_northstar_retail,Northstar Retail Services LLC,Mid-Market,North America,2026-07,19363.7,5,89.65,17,57.68,19
acct_northstar_retail,Northstar Retail Services LLC,Mid-Market,North America,2026-08,19786.92,2,88.76,29,60.62,21
acct_northstar_retail,Northstar Retail Services LLC,Mid-Market,North America,2026-09,20124.08,3,88.96,18,59.01,18
acct_northstar_retail,Northstar Retail Services LLC,Mid-Market,North America,2026-10,18954.52,6,86.66,59,56.37,17
acct_northstar_retail,Northstar Retail Services LLC,Mid-Market,North America,2026-11,19067.58,3,84.15,32,57.24,17
acct_northstar_retail,Northstar Retail Services LLC,Mid-Market,North America,2026-12,19778.66,4,85.86,18,61.31,19
acct_polaris_health,Polaris Health Network Inc.,Enterprise,North America,2026-01,60575.59,0,99.45,67,71.59,57
acct_polaris_health,Polaris Health Network Inc.,Enterprise,North America,2026-02,60407.92,4,95.3,90,76.4,66
acct_polaris_health,Polaris Health Network Inc.,Enterprise,North America,2026-03,60756.31,2,96.69,70,77.93,68
acct_polaris_health,Polaris Health Network Inc.,Enterprise,North America,2026-04,59613.85,5,93.45,53,80.2,65
acct_polaris_health,Polaris Health Network Inc.,Enterprise,North America,2026-05,58146.04,4,94.31,,75.0,61
acct_polaris_health,Polaris Health Network Inc.,Enterprise,North America,2026-06,59126.02,5,94.34,53,72.92,63
acct_polaris_health,Polaris Health Network Inc.,Enterprise,North America,2026-07,58886.01,3,94.97,62,70.96,60
acct_polaris_health,Polaris Health Network Inc.,Enterprise,North America,2026-08,57862.96,4,98.35,93,68.81,55
acct_polaris_health,Polaris Health Network Inc.,Enterprise,North America,2026-09,60181.41,0,94.55,93,81.14,64
acct_polaris_health,Polaris Health Network Inc.,Enterprise,North America,2026-10,60839.39,4,96.2,80,67.57,60
acct_polaris_health,Polaris Health Network Inc.,Enterprise,North America,2026-11,57706.74,2,92.3,79,79.77,71
acct_polaris_health,Polaris Health Network Inc.,Enterprise,North America,2026-12,63126.41,2,98.91,81,76.72,64
acct_meridian_energy,Meridian Energy Partners LLC,Enterprise,EMEA,2026-01,37990.56,1,97.42,59,80.88,36
acct_meridian_energy,Meridian Energy Partners LLC,Enterprise,EMEA,2026-02,36415.35,2,95.43,,79.59,36
acct_meridian_energy,Meridian Energy Partners LLC,Enterprise,EMEA,2026-03,38023.74,0,98.01,50,81.97,37
acct_meridian_energy,Meridian Energy Partners LLC,Enterprise,EMEA,2026-04,37104.78,1,94.88,39,79.53,36
acct_meridian_energy,Meridian Energy Partners LLC,Enterprise,EMEA,2026-05,35759.33,2,95.01,75,85.4,36
acct_meridian_energy,Meridian Energy Partners LLC,Enterprise,EMEA,2026-06,37993.13,3,93.49,39,83.66,35
acct_meridian_energy,Meridian Energy Partners LLC,Enterprise,EMEA,2026-07,37503.14,2,96.68,55,79.94,37
acct_meridian_energy,Meridian Energy Partners LLC,Enterprise,EMEA,2026-08,36165.21,0,91.39,77,85.52,36
acct_meridian_energy,Meridian Energy Partners LLC,Enterprise,EMEA,2026-09,37893.89,0,94.91,65,80.97,37
acct_meridian_energy,Meridian Energy Partners LLC,Enterprise,EMEA,2026-10,37836.83,0,98.83,,81.65,37
acct_meridian_energy,Meridian Energy Partners LLC,Enterprise,EMEA,2026-11,36971.06,1,98.9,,78.98,34
acct_meridian_energy,Meridian Energy Partners LLC,Enterprise,EMEA,2026-12,39285.54,1,97.51,45,85.53,38
acct_cobalt_media,Cobalt Media Works Inc.,Mid-Market,North America,2026-01,26749.72,2,92.66,43,76.68,36
acct_cobalt_media,Cobalt Media Works Inc.,Mid-Market,North America,2026-02,26564.91,2,91.93,27,76.76,35
acct_cobalt_media,Cobalt Media Works Inc.,Mid-Market,North America,2026-03,27518.84,1,96.34,50,79.22,37
acct_cobalt_media,Cobalt Media Works Inc.,Mid-Market,North America,2026-04,27960.54,1,98.91,60,77.24,35
acct_cobalt_media,Cobalt Media Works Inc.,Mid-Market,North America,2026-05,27533.96,0,95.01,70,85.53,38
acct_cobalt_media,Cobalt Media Works Inc.,Mid-Market,North America,2026-06,28752.62,0,93.69,,76.53,34
acct_cobalt_media,Cobalt Media Works Inc.,Mid-Market,North America,2026-07,26602.27,3,93.09,59,77.14,35
acct_cobalt_media,Cobalt Media Works Inc.,Mid-Market,North America,2026-08,28427.27,1,95.86,70,79.58,35
acct_cobalt_media,Cobalt Media Works Inc.,Mid-Market,North America,2026-09,29020.93,4,98.71,49,78.1,37
acct_cobalt_media,Cobalt Media Works Inc.,Mid-Market,North America,2026-10,27927.19,0,95.2,94,75.11,32
acct_cobalt_media,Cobalt Media Works Inc.,Mid-Market,North America,2026-11,26839.28,2,98.93,70,83.88,39
acct_cobalt_media,Cobalt Media Works Inc.,Mid-Market,North America,2026-12,29300.56,2,94.52,73,75.15,32
acct_zenith_labs,Zenith Labs GmbH,Enterprise,EMEA,2026-01,51445.01,2,91.19,83,78.71,81
acct_zenith_labs,Zenith Labs GmbH,Enterprise,EMEA,2026-02,49379.34,0,93.07,57,80.46,89
acct_zenith_labs,Zenith Labs GmbH,Enterprise,EMEA,2026-03,52681.09,1,94.98,86,78.23,87
acct_zenith_labs,Zenith Labs GmbH,Enterprise,EMEA,2026-04,51549.43,3,93.08,56,76.2,78
acct_zenith_labs,Zenith Labs GmbH,Enterprise,EMEA,2026-05,51344.93,5,97.75,,80.83,88
acct_zenith_labs,Zenith Labs GmbH,Enterprise,EMEA,2026-06,53358.79,4,93.03,68,77.18,83
acct_zenith_labs,Zenith Labs GmbH,Enterprise,EMEA,2026-07,51848.99,4,97.51,54,80.55,85
acct_zenith_labs,Zenith Labs GmbH,Enterprise,EMEA,2026-08,50672.28,0,97.18,66,76.45,83
acct_zenith_labs,Zenith Labs GmbH,Enterprise,EMEA,2026-09,53169.24,1,91.87,85,82.0,91
acct_zenith_labs,Zenith Labs GmbH,Enterprise,EMEA,2026-10,50424.5,5,94.76,84,79.68,85
acct_zenith_labs,Zenith Labs GmbH,Enterprise,EMEA,2026-11,50786.26,2,95.53,71,74.04,82
acct_zenith_labs,Zenith Labs GmbH,Enterprise,EMEA,2026-12,54222.3,1,94.95,,80.16,86
acct_lumen_rail,Lumen Rail Systems Ltd.,Strategic,EMEA,2026-01,97491.12,2,86.44,,70.17,118
acct_lumen_rail,Lumen Rail Systems Ltd.,Strategic,EMEA,2026-02,95363.16,3,86.79,33,65.97,122
acct_lumen_rail,Lumen Rail Systems Ltd.,Strategic,EMEA,2026-03,98207.52,4,92.43,,64.38,116
acct_lumen_rail,Lumen Rail Systems Ltd.,Strategic,EMEA,2026-04,97345.04,4,90.54,39,71.32,120
acct_lumen_rail,Lumen Rail Systems Ltd.,Strategic,EMEA,2026-05,94248.63,3,87.33,34,69.43,126
acct_lumen_rail,Lumen Rail Systems Ltd.,Strategic,EMEA,2026-06,101942.86,3,85.84,,66.17,110
acct_lumen_rail,Lumen Rail Systems Ltd.,Strategic,EMEA,2026-07,94016.0,5,87.8,67,65.88,118
acct_lumen_rail,Lumen Rail Systems Ltd.,Strategic,EMEA,2026-08,99027.22,4,85.77,74,71.61,123
acct_lumen_rail,Lumen Rail Systems Ltd.,Strategic,EMEA,2026-09,100184.47,4,91.76,54,62.88,113
acct_lumen_rail,Lumen Rail Systems Ltd.,Strategic,EMEA,2026-10,94715.74,2,89.81,27,67.13,113
acct_lumen_rail,Lumen Rail Systems Ltd.,Strategic,EMEA,2026-11,96586.64,5,89.31,56,67.94,112
acct_lumen_rail,Lumen Rail Systems Ltd.,Strategic,EMEA,2026-12,96666.21,6,90.58,42,64.64,115
acct_orbitax,Orbitax Solutions Pty Ltd.,Mid-Market,APAC,2026-01,25087.43,4,89.42,36,56.96,26
acct_orbitax,Orbitax Solutions Pty Ltd.,Mid-Market,APAC,2026-02,25723.35,7,87.2,,60.22,28
acct_orbitax,Orbitax Solutions Pty Ltd.,Mid-Market,APAC,2026-03,26251.04,3,84.99,37,58.28,27
acct_orbitax,Orbitax Solutions Pty Ltd.,Mid-Market,APAC,2026-04,25192.2,3,85.84,49,62.89,31
acct_orbitax,Orbitax Solutions Pty Ltd.,Mid-Market,APAC,2026-05,25505.54,4,90.36,39,58.21,28
acct_orbitax,Orbitax Solutions Pty Ltd.,Mid-Market,APAC,2026-06,26204.8,5,91.28,,57.09,24
acct_orbitax,Orbitax Solutions Pty Ltd.,Mid-Market,APAC,2026-07,25049.51,5,90.28,7,61.53,29
acct_orbitax,Orbitax Solutions Pty Ltd.,Mid-Market,APAC,2026-08,24327.05,5,91.14,48,61.61,27
acct_orbitax,Orbitax Solutions Pty Ltd.,Mid-Market,APAC,2026-09,26422.68,6,85.39,55,68.86,32
acct_orbitax,Orbitax Solutions Pty Ltd.,Mid-Market,APAC,2026-10,24658.61,2,92.13,56,66.15,30
acct_orbitax,Orbitax Solutions Pty Ltd.,Mid-Market,APAC,2026-11,25630.22,5,89.86,36,58.84,28
acct_orbitax,Orbitax Solutions Pty Ltd.,Mid-Market,APAC,2026-12,26371.93,6,91.26,57,58.17,28
acct_arcstone,Arcstone Manufacturing Inc.,Enterprise,North America,2026-01,45456.45,4,86.24,,61.55,52
acct_arcstone,Arcstone Manufacturing Inc.,Enterprise,North America,2026-02,45278.04,3,86.23,58,67.49,52
acct_arcstone,Arcstone Manufacturing Inc.,Enterprise,North America,2026-03,45057.75,4,91.6,35,67.12,53
acct_arcstone,Arcstone Manufacturing Inc.,Enterprise,North America,2026-04,45094.98,5,91.73,48,67.68,57
acct_arcstone,Arcstone Manufacturing Inc.,Enterprise,North America,2026-05,45035.98,5,90.74,-1,59.85,50
acct_arcstone,Arcstone Manufacturing Inc.,Enterprise,North America,2026-06,46134.27,2,88.09,65,67.92,54
acct_arcstone,Arcstone Manufacturing Inc.,Enterprise,North America,2026-07,46015.99,8,87.93,44,69.22,54
acct_arcstone,Arcstone Manufacturing Inc.,Enterprise,North America,2026-08,45775.16,1,91.92,,71.6,59
acct_arcstone,Arcstone Manufacturing Inc.,Enterprise,North America,2026-09,45955.0,2,88.56,,65.63,52
acct_arcstone,Arcstone Manufacturing Inc.,Enterprise,North America,2026-10,45045.88,0,88.31,41,66.85,54
acct_arcstone,Arcstone Manufacturing Inc.,Enterprise,North America,2026-11,43513.93,3,86.59,41,70.03,54
acct_arcstone,Arcstone Manufacturing Inc.,Enterprise,North America,2026-12,46139.12,1,92.71,32,62.57,49
acct_bluepeak,BluePeak Outdoors LLC,SMB,North America,2026-01,8308.5,3,95.48,50,84.67,9
acct_bluepeak,BluePeak Outdoors LLC,SMB,North America,2026-02,8323.51,0,98.24,63,88.48,10
acct_bluepeak,BluePeak Outdoors LLC,SMB,North America,2026-03,8641.33,0,100.0,,88.17,10
acct_bluepeak,BluePeak Outdoors LLC,SMB,North America,2026-04,8233.23,1,99.39,64,90.16,10
acct_bluepeak,BluePeak Outdoors LLC,SMB,North America,2026-05,8510.81,3,97.73,65,86.88,10
acct_bluepeak,BluePeak Outdoors LLC,SMB,North America,2026-06,8714.97,1,95.02,,89.45,10
acct_bluepeak,BluePeak Outdoors LLC,SMB,North America,2026-07,8373.31,0,95.48,70,82.96,9
acct_bluepeak,BluePeak Outdoors LLC,SMB,North America,2026-08,8383.41,4,95.33,,86.49,9
acct_bluepeak,BluePeak Outdoors LLC,SMB,North America,2026-09,8505.93,4,94.66,80,93.53,11
acct_bluepeak,BluePeak Outdoors LLC,SMB,North America,2026-10,7976.03,3,97.95,51,91.1,11
acct_bluepeak,BluePeak Outdoors LLC,SMB,North America,2026-11,8516.94,0,93.55,74,95.41,11
acct_bluepeak,BluePeak Outdoors LLC,SMB,North America,2026-12,8416.57,2,100.0,75,88.04,10
acct_summit_grid,Summit Grid Cooperative,Mid-Market,North America,2026-01,11797.48,2,97.77,35,79.15,17
acct_summit_grid,Summit Grid Cooperative,Mid-Market,North America,2026-02,11210.29,6,94.9,82,79.13,16
acct_summit_grid,Summit Grid Cooperative,Mid-Market,North America,2026-03,12041.88,3,90.65,53,72.93,15
acct_summit_grid,Summit Grid Cooperative,Mid-Market,North America,2026-04,11866.44,0,98.13,51,76.88,17
acct_summit_grid,Summit Grid Cooperative,Mid-Market,North America,2026-05,11758.33,1,97.15,44,76.09,17
acct_summit_grid,Summit Grid Cooperative,Mid-Market,North America,2026-06,12170.93,3,94.29,46,71.82,15
acct_summit_grid,Summit Grid Cooperative,Mid-Market,North America,2026-07,11138.82,1,92.29,73,73.86,16
acct_summit_grid,Summit Grid Cooperative,Mid-Market,North America,2026-08,11662.25,1,97.82,57,75.64,15
acct_summit_grid,Summit Grid Cooperative,Mid-Market,North America,2026-09,12198.46,1,95.41,66,75.03,16
acct_summit_grid,Summit Grid Cooperative,Mid-Market,North America,2026-10,11270.06,5,90.68,74,74.12,15
acct_summit_grid,Summit Grid Cooperative,Mid-Market,North America,2026-11,11413.12,4,92.49,46,70.85,16
acct_summit_grid,Summit Grid Cooperative,Mid-Market,North America,2026-12,12143.02,4,91.56,66,74.53,16
acct_harborbyte,HarborByte Systems Inc.,SMB,North America,2026-01,4900.35,2,94.55,57,77.0,5
acct_harborbyte,HarborByte Systems Inc.,SMB,North America,2026-02,4766.79,3,96.15,56,74.25,6
acct_harborbyte,HarborByte Systems Inc.,SMB,North America,2026-03,4765.22,4,90.82,28,76.13,5
acct_harborbyte,HarborByte Systems Inc.,SMB,North America,2026-04,4887.57,2,93.32,32,74.5,5
acct_harborbyte,HarborByte Systems Inc.,SMB,North America,2026-05,4727.87,0,94.96,52,68.65,5
acct_harborbyte,HarborByte Systems Inc.,SMB,North America,2026-06,4857.28,1,96.1,64,76.66,6
acct_harborbyte,HarborByte Systems Inc.,SMB,North America,2026-07,4684.08,0,95.51,43,70.3,5
acct_harborbyte,HarborByte Systems Inc.,SMB,North America,2026-08,4745.27,3,92.62,42,76.76,5
acct_harborbyte,HarborByte Systems Inc.,SMB,North America,2026-09,5058.74,3,97.27,53,76.52,5
acct_harborbyte,HarborByte Systems Inc.,SMB,North America,2026-10,4673.78,4,91.92,70,75.61,5
acct_harborbyte,HarborByte Systems Inc.,SMB,North America,2026-11,4612.21,0,92.49,59,75.79,5
acct_harborbyte,HarborByte Systems Inc.,SMB,North America,2026-12,4807.68,0,90.95,49,68.21,5
acct_kiteworks,Kiteworks Digital Ltd.,Mid-Market,EMEA,2026-01,23585.28,3,92.46,66,73.02,32
acct_kiteworks,Kiteworks Digital Ltd.,Mid-Market,EMEA,2026-02,23407.58,3,92.9,55,70.35,30
acct_kiteworks,Kiteworks Digital Ltd.,Mid-Market,EMEA,2026-03,24167.94,2,93.94,,67.88,28
acct_kiteworks,Kiteworks Digital Ltd.,Mid-Market,EMEA,2026-04,24247.32,2,91.39,38,73.61,33
acct_kiteworks,Kiteworks Digital Ltd.,Mid-Market,EMEA,2026-05,23783.25,1,93.01,66,74.76,33
acct_kiteworks,Kiteworks Digital Ltd.,Mid-Market,EMEA,2026-06,24098.17,1,90.71,92,77.99,34
acct_kiteworks,Kiteworks Digital Ltd.,Mid-Market,EMEA,2026-07,23892.01,4,91.36,63,69.78,31
acct_kiteworks,Kiteworks Digital Ltd.,Mid-Market,EMEA,2026-08,23410.29,0,90.78,,72.71,31
acct_kiteworks,Kiteworks Digital Ltd.,Mid-Market,EMEA,2026-09,25380.72,3,95.29,32,74.32,34
acct_kiteworks,Kiteworks Digital Ltd.,Mid-Market,EMEA,2026-10,23313.23,0,95.31,83,68.53,29
acct_kiteworks,Kiteworks Digital Ltd.,Mid-Market,EMEA,2026-11,24517.28,3,95.25,59,71.88,33
acct_kiteworks,Kiteworks Digital Ltd.,Mid-Market,EMEA,2026-12,25149.93,2,96.46,76,68.45,31
acct_saffron_hotel,Saffron Hotel Group Pte. Ltd.,Enterprise,APAC,2026-01,54029.84,5,91.21,67,70.78,59
acct_saffron_hotel,Saffron Hotel Group Pte. Ltd.,Enterprise,APAC,2026-02,55265.71,3,89.91,63,75.8,70
acct_saffron_hotel,Saffron Hotel Group Pte. Ltd.,Enterprise,APAC,2026-03,55224.91,3,92.73,56,69.62,63
acct_saffron_hotel,Saffron Hotel Group Pte. Ltd.,Enterprise,APAC,2026-04,55154.38,1,93.24,48,79.07,67
acct_saffron_hotel,Saffron Hotel Group Pte. Ltd.,Enterprise,APAC,2026-05,56648.86,4,91.81,67,75.32,65
acct_saffron_hotel,Saffron Hotel Group Pte. Ltd.,Enterprise,APAC,2026-06,58414.5,3,91.1,51,74.14,66
acct_saffron_hotel,Saffron Hotel Group Pte. Ltd.,Enterprise,APAC,2026-07,55715.9,3,88.95,47,75.91,64
acct_saffron_hotel,Saffron Hotel Group Pte. Ltd.,Enterprise,APAC,2026-08,55015.52,4,91.24,69,69.15,61
acct_saffron_hotel,Saffron Hotel Group Pte. Ltd.,Enterprise,APAC,2026-09,56808.08,5,92.35,74,75.55,70
acct_saffron_hotel,Saffron Hotel Group Pte. Ltd.,Enterprise,APAC,2026-10,53738.34,0,93.67,61,69.61,63
acct_saffron_hotel,Saffron Hotel Group Pte. Ltd.,Enterprise,APAC,2026-11,53413.25,5,95.37,42,75.52,67
acct_saffron_hotel,Saffron Hotel Group Pte. Ltd.,Enterprise,APAC,2026-12,54956.25,1,95.3,69,76.32,69
acct_terra_nova,Terra Nova Foods SA,Mid-Market,LATAM,2026-01,13292.65,3,100.0,,80.88,19
acct_terra_nova,Terra Nova Foods SA,Mid-Market,LATAM,2026-02,13068.92,1,99.26,91,86.5,21
acct_terra_nova,Terra Nova Foods SA,Mid-Market,LATAM,2026-03,13301.64,2,97.49,43,83.49,19
acct_terra_nova,Terra Nova Foods SA,Mid-Market,LATAM,2026-04,13329.32,0,98.27,63,89.58,23
acct_terra_nova,Terra Nova Foods SA,Mid-Market,LATAM,2026-05,13015.0,3,98.11,57,84.14,21
acct_terra_nova,Terra Nova Foods SA,Mid-Market,LATAM,2026-06,13194.72,3,93.22,53,83.59,21
acct_terra_nova,Terra Nova Foods SA,Mid-Market,LATAM,2026-07,12558.1,4,99.25,,87.07,21
acct_terra_nova,Terra Nova Foods SA,Mid-Market,LATAM,2026-08,13276.56,3,94.42,57,84.17,21
acct_terra_nova,Terra Nova Foods SA,Mid-Market,LATAM,2026-09,13511.15,1,94.33,62,83.95,20
acct_terra_nova,Terra Nova Foods SA,Mid-Market,LATAM,2026-10,12551.83,4,100.0,62,80.73,20
acct_terra_nova,Terra Nova Foods SA,Mid-Market,LATAM,2026-11,12669.53,3,96.15,,89.87,22
acct_terra_nova,Terra Nova Foods SA,Mid-Market,LATAM,2026-12,13720.45,0,95.28,,86.34,21
acct_riverbend_bank,Riverbend Bank Corp.,Enterprise,North America,2026-01,74914.56,3,93.01,66,74.92,72
acct_riverbend_bank,Riverbend Bank Corp.,Enterprise,North America,2026-02,73264.1,0,90.77,49,72.49,70
acct_riverbend_bank,Riverbend Bank Corp.,Enterprise,North America,2026-03,78659.8,6,94.16,59,71.47,63
acct_riverbend_bank,Riverbend Bank Corp.,Enterprise,North America,2026-04,73086.65,2,92.71,75,75.23,66
acct_riverbend_bank,Riverbend Bank Corp.,Enterprise,North America,2026-05,73850.7,1,90.18,57,67.44,64
acct_riverbend_bank,Riverbend Bank Corp.,Enterprise,North America,2026-06,75233.24,1,91.59,38,70.78,66
acct_riverbend_bank,Riverbend Bank Corp.,Enterprise,North America,2026-07,73801.91,1,90.95,57,74.76,67
acct_riverbend_bank,Riverbend Bank Corp.,Enterprise,North America,2026-08,73863.14,3,89.02,75,76.34,72
acct_riverbend_bank,Riverbend Bank Corp.,Enterprise,North America,2026-09,77026.75,6,95.05,44,73.44,71
acct_riverbend_bank,Riverbend Bank Corp.,Enterprise,North America,2026-10,76077.6,1,95.22,40,71.37,65
acct_riverbend_bank,Riverbend Bank Corp.,Enterprise,North America,2026-11,74745.37,2,93.95,64,70.47,64
acct_riverbend_bank,Riverbend Bank Corp.,Enterprise,North America,2026-12,75937.59,4,93.91,50,72.11,64
acct_metrobyte,MetroByte Telecom LLC,Enterprise,North America,2026-01,68651.28,2,92.99,,83.67,76
acct_metrobyte,MetroByte Telecom LLC,Enterprise,North America,2026-02,72756.46,1,91.64,61,85.76,76
acct_metrobyte,MetroByte Telecom LLC,Enterprise,North America,2026-03,73069.58,4,98.4,66,82.13,71
acct_metrobyte,MetroByte Telecom LLC,Enterprise,North America,2026-04,68754.52,3,94.06,59,88.12,77
acct_metrobyte,MetroByte Telecom LLC,Enterprise,North America,2026-05,68900.61,5,92.43,34,85.53,77
acct_metrobyte,MetroByte Telecom LLC,Enterprise,North America,2026-06,72238.16,0,97.54,71,83.96,76
acct_metrobyte,MetroByte Telecom LLC,Enterprise,North America,2026-07,73107.78,1,91.25,60,87.58,74
acct_metrobyte,MetroByte Telecom LLC,Enterprise,North America,2026-08,73179.59,4,91.39,68,81.45,73
acct_metrobyte,MetroByte Telecom LLC,Enterprise,North America,2026-09,73072.81,2,91.71,71,87.07,79
acct_metrobyte,MetroByte Telecom LLC,Enterprise,North America,2026-10,71539.48,6,92.22,51,87.16,74
acct_metrobyte,MetroByte Telecom LLC,Enterprise,North America,2026-11,69240.02,2,97.26,78,91.32,78
acct_metrobyte,MetroByte Telecom LLC,Enterprise,North America,2026-12,73484.35,1,92.15,79,83.97,75
acct_quartz_insure,Quartz Insurance PLC,Strategic,EMEA,2026-01,87804.49,5,86.17,19,59.56,88
acct_quartz_insure,Quartz Insurance PLC,Strategic,EMEA,2026-02,84452.07,3,85.38,42,58.33,84
acct_quartz_insure,Quartz Insurance PLC,Strategic,EMEA,2026-03,92899.81,4,89.36,44,59.57,86
acct_quartz_insure,Quartz Insurance PLC,Strategic,EMEA,2026-04,86904.34,1,86.52,62,61.64,101
acct_quartz_insure,Quartz Insurance PLC,Strategic,EMEA,2026-05,86890.14,3,90.5,29,61.79,98
acct_quartz_insure,Quartz Insurance PLC,Strategic,EMEA,2026-06,91093.56,4,87.0,20,60.85,94
acct_quartz_insure,Quartz Insurance PLC,Strategic,EMEA,2026-07,85134.14,5,88.73,59,62.12,90
acct_quartz_insure,Quartz Insurance PLC,Strategic,EMEA,2026-08,87125.7,5,88.4,27,57.35,87
acct_quartz_insure,Quartz Insurance PLC,Strategic,EMEA,2026-09,87816.07,5,85.8,47,58.5,83
acct_quartz_insure,Quartz Insurance PLC,Strategic,EMEA,2026-10,88038.36,2,90.1,,64.25,95
acct_quartz_insure,Quartz Insurance PLC,Strategic,EMEA,2026-11,85611.52,6,84.78,37,55.92,88
acct_quartz_insure,Quartz Insurance PLC,Strategic,EMEA,2026-12,91489.44,1,88.77,59,58.7,96
acct_apexia,Apexia Robotics KK,Enterprise,APAC,2026-01,41135.65,0,94.83,84,88.13,66
acct_apexia,Apexia Robotics KK,Enterprise,APAC,2026-02,40716.63,0,99.66,48,83.07,65
acct_apexia,Apexia Robotics KK,Enterprise,APAC,2026-03,42630.63,0,94.32,,90.16,70
acct_apexia,Apexia Robotics KK,Enterprise,APAC,2026-04,42423.11,4,96.84,66,81.02,62
acct_apexia,Apexia Robotics KK,Enterprise,APAC,2026-05,43059.72,0,92.12,55,88.88,68
acct_apexia,Apexia Robotics KK,Enterprise,APAC,2026-06,43745.45,0,93.21,47,90.59,67
acct_apexia,Apexia Robotics KK,Enterprise,APAC,2026-07,42261.2,2,94.95,,90.93,70
acct_apexia,Apexia Robotics KK,Enterprise,APAC,2026-08,40886.6,3,94.03,93,82.1,63
acct_apexia,Apexia Robotics KK,Enterprise,APAC,2026-09,44606.91,2,95.92,63,90.68,71
acct_apexia,Apexia Robotics KK,Enterprise,APAC,2026-10,43032.08,1,96.11,72,82.62,61
acct_apexia,Apexia Robotics KK,Enterprise,APAC,2026-11,41452.23,2,93.19,75,79.96,60
acct_apexia,Apexia Robotics KK,Enterprise,APAC,2026-12,43716.48,1,94.29,21,87.85,67
acct_redwood_school,Redwood School District,SMB,North America,2026-01,9314.23,3,99.62,,91.14,17
acct_redwood_school,Redwood School District,SMB,North America,2026-02,9292.06,0,94.78,,92.67,17
acct_redwood_school,Redwood School District,SMB,North America,2026-03,9792.93,4,95.42,63,90.07,17
acct_redwood_school,Redwood School District,SMB,North America,2026-04,9305.33,3,97.22,71,86.97,15
acct_redwood_school,Redwood School District,SMB,North America,2026-05,9132.31,3,99.59,84,90.76,17
acct_redwood_school,Redwood School District,SMB,North America,2026-06,9751.8,2,94.26,69,92.37,17
acct_redwood_school,Redwood School District,SMB,North America,2026-07,9200.13,1,97.9,67,93.8,16
acct_redwood_school,Redwood School District,SMB,North America,2026-08,9571.4,0,94.04,86,85.55,16
acct_redwood_school,Redwood School District,SMB,North America,2026-09,9825.03,1,93.77,67,86.43,15
acct_redwood_school,Redwood School District,SMB,North America,2026-10,9004.69,0,99.76,,93.06,17
acct_redwood_school,Redwood School District,SMB,North America,2026-11,9188.74,0,93.75,100,89.63,17
acct_redwood_school,Redwood School District,SMB,North America,2026-12,9523.21,0,96.36,37,89.26,17
acct_eastwind,Eastwind Logistics BV,Mid-Market,EMEA,2026-01,14122.55,0,93.29,59,90.33,25
acct_eastwind,Eastwind Logistics BV,Mid-Market,EMEA,2026-02,14522.92,2,94.09,80,88.24,26
acct_eastwind,Eastwind Logistics BV,Mid-Market,EMEA,2026-03,14727.39,3,96.88,87,90.08,27
acct_eastwind,Eastwind Logistics BV,Mid-Market,EMEA,2026-04,14952.7,3,93.0,64,92.38,28
acct_eastwind,Eastwind Logistics BV,Mid-Market,EMEA,2026-05,14895.91,6,96.38,65,82.93,24
acct_eastwind,Eastwind Logistics BV,Mid-Market,EMEA,2026-06,14514.81,2,95.42,87,93.22,27
acct_eastwind,Eastwind Logistics BV,Mid-Market,EMEA,2026-07,14257.47,1,92.41,76,82.39,23
acct_eastwind,Eastwind Logistics BV,Mid-Market,EMEA,2026-08,14908.71,1,98.01,,86.46,25
acct_eastwind,Eastwind Logistics BV,Mid-Market,EMEA,2026-09,15338.39,1,96.91,,89.8,26
acct_eastwind,Eastwind Logistics BV,Mid-Market,EMEA,2026-10,14892.31,0,94.81,78,78.65,23
acct_eastwind,Eastwind Logistics BV,Mid-Market,EMEA,2026-11,14708.65,1,99.21,70,88.2,27
acct_eastwind,Eastwind Logistics BV,Mid-Market,EMEA,2026-12,15078.86,2,94.19,49,91.05,28
acct_mint_leaf,Mint Leaf Markets Inc.,SMB,North America,2026-01,7937.27,2,96.55,37,78.47,9
acct_mint_leaf,Mint Leaf Markets Inc.,SMB,North America,2026-02,7854.04,3,96.78,62,80.6,9
acct_mint_leaf,Mint Leaf Markets Inc.,SMB,North America,2026-03,8162.31,4,95.18,41,80.66,9
acct_mint_leaf,Mint Leaf Markets Inc.,SMB,North America,2026-04,8060.97,3,91.4,,80.66,10
acct_mint_leaf,Mint Leaf Markets Inc.,SMB,North America,2026-05,8016.69,1,91.7,44,77.82,8
acct_mint_leaf,Mint Leaf Markets Inc.,SMB,North America,2026-06,8080.08,2,92.69,59,76.65,9
acct_mint_leaf,Mint Leaf Markets Inc.,SMB,North America,2026-07,7821.17,2,92.22,47,87.24,10
acct_mint_leaf,Mint Leaf Markets Inc.,SMB,North America,2026-08,7889.94,1,92.08,82,83.84,10
acct_mint_leaf,Mint Leaf Markets Inc.,SMB,North America,2026-09,8235.73,2,94.74,29,74.57,8
acct_mint_leaf,Mint Leaf Markets Inc.,SMB,North America,2026-10,8098.8,0,92.36,72,86.2,9
acct_mint_leaf,Mint Leaf Markets Inc.,SMB,North America,2026-11,8076.97,2,90.76,,82.11,10
acct_mint_leaf,Mint Leaf Markets Inc.,SMB,North America,2026-12,8319.05,0,93.02,63,87.73,10
acct_stellar_auto,Stellar Auto Components GmbH,Enterprise,EMEA,2026-01,73377.66,3,90.4,,70.14,101
acct_stellar_auto,Stellar Auto Components GmbH,Enterprise,EMEA,2026-02,69385.99,4,94.41,,68.29,101
acct_stellar_auto,Stellar Auto Components GmbH,Enterprise,EMEA,2026-03,71624.2,5,93.89,71,74.8,115
acct_stellar_auto,Stellar Auto Components GmbH,Enterprise,EMEA,2026-04,72009.97,1,89.62,,77.41,112
acct_stellar_auto,Stellar Auto Components GmbH,Enterprise,EMEA,2026-05,69364.48,5,93.68,,67.17,96
acct_stellar_auto,Stellar Auto Components GmbH,Enterprise,EMEA,2026-06,74438.78,1,92.89,36,74.21,106
acct_stellar_auto,Stellar Auto Components GmbH,Enterprise,EMEA,2026-07,72030.67,1,95.54,67,77.97,115
acct_stellar_auto,Stellar Auto Components GmbH,Enterprise,EMEA,2026-08,69280.77,5,89.71,67,75.25,108
acct_stellar_auto,Stellar Auto Components GmbH,Enterprise,EMEA,2026-09,71062.44,4,95.24,56,72.11,102
acct_stellar_auto,Stellar Auto Components GmbH,Enterprise,EMEA,2026-10,72696.38,2,93.33,69,72.58,110
acct_stellar_auto,Stellar Auto Components GmbH,Enterprise,EMEA,2026-11,72684.65,3,89.22,54,75.06,109
acct_stellar_auto,Stellar Auto Components GmbH,Enterprise,EMEA,2026-12,71901.14,2,93.43,39,63.84,90
acct_canyon_state,Canyon State Health LLC,Mid-Market,North America,2026-01,13890.82,3,91.62,65,77.96,17
acct_canyon_state,Canyon State Health LLC,Mid-Market,North America,2026-02,13376.66,1,90.38,67,74.91,17
acct_canyon_state,Canyon State Health LLC,Mid-Market,North America,2026-03,14186.65,0,89.69,37,78.48,19
acct_canyon_state,Canyon State Health LLC,Mid-Market,North America,2026-04,13924.01,5,90.12,,79.09,18
acct_canyon_state,Canyon State Health LLC,Mid-Market,North America,2026-05,13066.34,3,89.15,51,80.14,19
acct_canyon_state,Canyon State Health LLC,Mid-Market,North America,2026-06,13930.44,6,88.35,43,72.6,17
acct_canyon_state,Canyon State Health LLC,Mid-Market,North America,2026-07,13712.76,1,92.82,42,72.6,18
acct_canyon_state,Canyon State Health LLC,Mid-Market,North America,2026-08,13057.68,1,89.94,52,79.48,18
acct_canyon_state,Canyon State Health LLC,Mid-Market,North America,2026-09,13986.84,2,92.63,90,74.88,16
acct_canyon_state,Canyon State Health LLC,Mid-Market,North America,2026-10,13955.53,1,91.85,53,68.68,16
acct_canyon_state,Canyon State Health LLC,Mid-Market,North America,2026-11,13734.71,2,90.02,30,75.87,18
acct_canyon_state,Canyon State Health LLC,Mid-Market,North America,2026-12,13765.78,2,93.96,82,72.82,18
acct_silverline,Silverline Credit Union,SMB,North America,2026-01,5168.14,5,88.06,,69.17,5
acct_silverline,Silverline Credit Union,SMB,North America,2026-02,5310.47,3,87.7,64,71.32,5
acct_silverline,Silverline Credit Union,SMB,North America,2026-03,5591.65,3,87.18,,68.13,5
acct_silverline,Silverline Credit Union,SMB,North America,2026-04,5244.77,3,84.82,38,74.55,5
acct_silverline,Silverline Credit Union,SMB,North America,2026-05,5109.58,5,88.92,33,69.13,5
acct_silverline,Silverline Credit Union,SMB,North America,2026-06,5324.77,3,92.14,56,64.16,5
acct_silverline,Silverline Credit Union,SMB,North America,2026-07,5183.23,3,91.76,44,70.74,5
acct_silverline,Silverline Credit Union,SMB,North America,2026-08,5356.31,1,91.51,58,67.66,5
acct_silverline,Silverline Credit Union,SMB,North America,2026-09,5600.66,5,90.49,28,67.4,5
acct_silverline,Silverline Credit Union,SMB,North America,2026-10,5393.85,4,88.27,22,72.66,5
acct_silverline,Silverline Credit Union,SMB,North America,2026-11,5099.23,3,84.88,46,67.29,5
acct_silverline,Silverline Credit Union,SMB,North America,2026-12,5304.99,4,86.06,21,66.9,5
acct_aurora_textiles,Aurora Textiles Ltd.,Mid-Market,APAC,2026-01,16147.77,5,98.19,58,90.8,18
acct_aurora_textiles,Aurora Textiles Ltd.,Mid-Market,APAC,2026-02,15961.13,4,95.32,76,84.28,16
acct_aurora_textiles,Aurora Textiles Ltd.,Mid-Market,APAC,2026-03,16961.07,2,95.86,60,88.62,18
acct_aurora_textiles,Aurora Textiles Ltd.,Mid-Market,APAC,2026-04,16173.88,0,97.39,67,86.36,17
acct_aurora_textiles,Aurora Textiles Ltd.,Mid-Market,APAC,2026-05,16439.91,2,99.79,87,81.48,17
acct_aurora_textiles,Aurora Textiles Ltd.,Mid-Market,APAC,2026-06,16188.5,0,95.37,38,81.93,17
acct_aurora_textiles,Aurora Textiles Ltd.,Mid-Market,APAC,2026-07,16350.41,4,93.67,71,87.91,19
acct_aurora_textiles,Aurora Textiles Ltd.,Mid-Market,APAC,2026-08,15931.02,2,92.58,64,82.01,16
acct_aurora_textiles,Aurora Textiles Ltd.,Mid-Market,APAC,2026-09,16945.41,4,96.47,62,86.79,18
acct_aurora_textiles,Aurora Textiles Ltd.,Mid-Market,APAC,2026-10,15976.62,4,96.73,63,81.0,17
acct_aurora_textiles,Aurora Textiles Ltd.,Mid-Market,APAC,2026-11,15938.65,1,93.4,68,88.74,18
acct_aurora_textiles,Aurora Textiles Ltd.,Mid-Market,APAC,2026-12,16345.75,2,97.24,73,86.43,18
acct_bayside_bio,Bayside Biotech Inc.,Enterprise,North America,2026-01,46985.99,0,96.64,53,78.14,77
acct_bayside_bio,Bayside Biotech Inc.,Enterprise,North America,2026-02,46439.1,3,96.67,67,83.02,88
acct_bayside_bio,Bayside Biotech Inc.,Enterprise,North America,2026-03,47194.97,2,96.56,59,76.93,75
acct_bayside_bio,Bayside Biotech Inc.,Enterprise,North America,2026-04,45800.21,2,92.87,38,77.11,77
acct_bayside_bio,Bayside Biotech Inc.,Enterprise,North America,2026-05,47246.31,0,95.85,65,80.01,82
acct_bayside_bio,Bayside Biotech Inc.,Enterprise,North America,2026-06,47785.65,4,91.8,64,75.24,77
acct_bayside_bio,Bayside Biotech Inc.,Enterprise,North America,2026-07,47133.01,5,93.56,91,76.88,79
acct_bayside_bio,Bayside Biotech Inc.,Enterprise,North America,2026-08,45871.77,0,91.77,47,86.89,84
acct_bayside_bio,Bayside Biotech Inc.,Enterprise,North America,2026-09,46793.54,0,93.52,52,79.52,81
acct_bayside_bio,Bayside Biotech Inc.,Enterprise,North America,2026-10,45197.7,1,92.19,,74.16,77
acct_bayside_bio,Bayside Biotech Inc.,Enterprise,North America,2026-11,46777.66,2,98.44,91,80.25,78
acct_bayside_bio,Bayside Biotech Inc.,Enterprise,North America,2026-12,48329.34,1,93.94,93,82.24,87
acct_greenfield,Greenfield Agritech SA,Mid-Market,LATAM,2026-01,21590.26,3,89.82,,71.5,32
acct_greenfield,Greenfield Agritech SA,Mid-Market,LATAM,2026-02,21965.74,4,91.66,37,66.19,28
acct_greenfield,Greenfield Agritech SA,Mid-Market,LATAM,2026-03,23504.64,3,91.37,47,73.54,33
acct_greenfield,Greenfield Agritech SA,Mid-Market,LATAM,2026-04,21698.54,2,93.26,18,73.53,30
acct_greenfield,Greenfield Agritech SA,Mid-Market,LATAM,2026-05,21510.66,3,94.63,,65.62,28
acct_greenfield,Greenfield Agritech SA,Mid-Market,LATAM,2026-06,23008.26,2,94.19,66,66.58,30
acct_greenfield,Greenfield Agritech SA,Mid-Market,LATAM,2026-07,21507.78,3,88.22,74,73.88,32
acct_greenfield,Greenfield Agritech SA,Mid-Market,LATAM,2026-08,21970.2,1,87.76,81,68.68,29
acct_greenfield,Greenfield Agritech SA,Mid-Market,LATAM,2026-09,23210.04,1,93.82,32,70.99,31
acct_greenfield,Greenfield Agritech SA,Mid-Market,LATAM,2026-10,22208.16,0,93.14,,74.34,33
acct_greenfield,Greenfield Agritech SA,Mid-Market,LATAM,2026-11,22750.8,3,90.02,76,68.94,29
acct_greenfield,Greenfield Agritech SA,Mid-Market,LATAM,2026-12,23554.16,4,87.82,40,65.43,29
acct_cloudnine,CloudNine Travel Group Inc.,Mid-Market,North America,2026-01,13134.89,1,96.29,76,87.01,18
acct_cloudnine,CloudNine Travel Group Inc.,Mid-Market,North America,2026-02,13253.18,3,95.06,,88.27,17
acct_cloudnine,CloudNine Travel Group Inc.,Mid-Market,North America,2026-03,13822.43,4,95.11,49,89.08,19
acct_cloudnine,CloudNine Travel Group Inc.,Mid-Market,North America,2026-04,13083.0,2,94.6,52,79.72,16
acct_cloudnine,CloudNine Travel Group Inc.,Mid-Market,North America,2026-05,13892.71,2,91.13,48,83.24,17
acct_cloudnine,CloudNine Travel Group Inc.,Mid-Market,North America,2026-06,14123.65,5,93.02,91,85.08,16
acct_cloudnine,CloudNine Travel Group Inc.,Mid-Market,North America,2026-07,13771.65,0,93.93,59,83.47,16
acct_cloudnine,CloudNine Travel Group Inc.,Mid-Market,North America,2026-08,13669.68,2,97.49,28,80.14,17
acct_cloudnine,CloudNine Travel Group Inc.,Mid-Market,North America,2026-09,13862.48,3,92.93,68,84.2,17
acct_cloudnine,CloudNine Travel Group Inc.,Mid-Market,North America,2026-10,13071.07,2,93.77,50,85.33,18
acct_cloudnine,CloudNine Travel Group Inc.,Mid-Market,North America,2026-11,13637.41,0,97.21,86,83.33,17
acct_cloudnine,CloudNine Travel Group Inc.,Mid-Market,North America,2026-12,14350.34,3,97.18,57,83.75,18
acct_valence,Valence Payment Services LLC,Enterprise,North America,2026-01,44655.41,2,91.63,41,77.08,49
acct_valence,Valence Payment Services LLC,Enterprise,North America,2026-02,44830.53,1,93.27,56,72.47,45
acct_valence,Valence Payment Services LLC,Enterprise,North America,2026-03,46841.94,3,92.97,,76.51,47
acct_valence,Valence Payment Services LLC,Enterprise,North America,2026-04,43581.25,4,94.32,44,74.85,46
acct_valence,Valence Payment Services LLC,Enterprise,North America,2026-05,46009.03,5,89.45,72,74.71,43
acct_valence,Valence Payment Services LLC,Enterprise,North America,2026-06,47623.54,3,90.98,53,68.53,41
acct_valence,Valence Payment Services LLC,Enterprise,North America,2026-07,46487.91,4,94.73,62,71.93,46
acct_valence,Valence Payment Services LLC,Enterprise,North America,2026-08,44489.7,2,89.12,47,72.06,43
acct_valence,Valence Payment Services LLC,Enterprise,North America,2026-09,47727.46,1,91.17,57,76.75,48
acct_valence,Valence Payment Services LLC,Enterprise,North America,2026-10,44894.84,1,90.76,77,74.76,48
acct_valence,Valence Payment Services LLC,Enterprise,North America,2026-11,45448.89,2,94.73,62,79.36,50
acct_valence,Valence Payment Services LLC,Enterprise,North America,2026-12,45677.98,1,92.13,37,73.4,44
acct_peakstone,Peakstone Capital Ltd.,Strategic,EMEA,2026-01,108274.27,3,87.66,,60.58,104
acct_peakstone,Peakstone Capital Ltd.,Strategic,EMEA,2026-02,107576.0,4,89.26,,60.91,95
acct_peakstone,Peakstone Capital Ltd.,Strategic,EMEA,2026-03,111907.68,7,88.54,34,64.34,102
acct_peakstone,Peakstone Capital Ltd.,Strategic,EMEA,2026-04,108100.33,5,85.15,28,62.09,103
acct_peakstone,Peakstone Capital Ltd.,Strategic,EMEA,2026-05,105451.02,3,87.97,29,56.43,90
acct_peakstone,Peakstone Capital Ltd.,Strategic,EMEA,2026-06,109356.11,3,88.85,,59.93,100
acct_peakstone,Peakstone Capital Ltd.,Strategic,EMEA,2026-07,107313.38,6,90.82,24,55.06,92
acct_peakstone,Peakstone Capital Ltd.,Strategic,EMEA,2026-08,107125.33,5,86.77,50,64.48,112
acct_peakstone,Peakstone Capital Ltd.,Strategic,EMEA,2026-09,115025.25,4,87.82,20,65.95,108
acct_peakstone,Peakstone Capital Ltd.,Strategic,EMEA,2026-10,110822.91,5,87.01,,66.66,102
acct_peakstone,Peakstone Capital Ltd.,Strategic,EMEA,2026-11,109401.46,2,90.56,54,56.99,93
acct_peakstone,Peakstone Capital Ltd.,Strategic,EMEA,2026-12,112226.13,2,89.94,,65.36,109
acct_brightharbor,BrightHarbor Clinics Inc.,Enterprise,North America,2026-01,55952.68,2,96.98,70,81.52,91
acct_brightharbor,BrightHarbor Clinics Inc.,Enterprise,North America,2026-02,54068.07,1,94.75,,81.78,91
acct_brightharbor,BrightHarbor Clinics Inc.,Enterprise,North America,2026-03,58387.95,3,95.71,83,83.16,97
acct_brightharbor,BrightHarbor Clinics Inc.,Enterprise,North America,2026-04,55020.15,0,99.31,63,79.25,88
acct_brightharbor,BrightHarbor Clinics Inc.,Enterprise,North America,2026-05,55687.31,1,99.92,75,82.0,94
acct_brightharbor,BrightHarbor Clinics Inc.,Enterprise,North America,2026-06,58841.86,0,94.61,75,83.27,90
acct_brightharbor,BrightHarbor Clinics Inc.,Enterprise,North America,2026-07,56985.9,1,94.63,75,82.12,95
acct_brightharbor,BrightHarbor Clinics Inc.,Enterprise,North America,2026-08,54531.61,1,97.12,86,88.44,99
acct_brightharbor,BrightHarbor Clinics Inc.,Enterprise,North America,2026-09,58042.74,2,99.28,58,80.35,96
acct_brightharbor,BrightHarbor Clinics Inc.,Enterprise,North America,2026-10,57561.71,3,99.56,63,88.03,105
acct_brightharbor,BrightHarbor Clinics Inc.,Enterprise,North America,2026-11,54374.0,6,93.45,64,87.01,95
acct_brightharbor,BrightHarbor Clinics Inc.,Enterprise,North America,2026-12,59357.48,2,94.62,70,79.26,91
acct_tandemworks,TandemWorks Software Oy,SMB,EMEA,2026-01,7588.36,1,90.53,33,65.71,7
acct_tandemworks,TandemWorks Software Oy,SMB,EMEA,2026-02,7522.69,3,87.71,52,61.38,6
acct_tandemworks,TandemWorks Software Oy,SMB,EMEA,2026-03,7926.42,5,89.51,,57.87,6
acct_tandemworks,TandemWorks Software Oy,SMB,EMEA,2026-04,7462.09,4,89.91,35,57.24,5
acct_tandemworks,TandemWorks Software Oy,SMB,EMEA,2026-05,7427.84,1,92.08,13,62.45,6
acct_tandemworks,TandemWorks Software Oy,SMB,EMEA,2026-06,7873.27,2,85.74,64,65.23,6
acct_tandemworks,TandemWorks Software Oy,SMB,EMEA,2026-07,7729.37,4,86.57,48,66.25,7
acct_tandemworks,TandemWorks Software Oy,SMB,EMEA,2026-08,7588.39,3,89.82,12,66.95,7
acct_tandemworks,TandemWorks Software Oy,SMB,EMEA,2026-09,7900.72,3,88.53,,60.88,6
acct_tandemworks,TandemWorks Software Oy,SMB,EMEA,2026-10,7525.74,2,88.2,45,66.28,7
acct_tandemworks,TandemWorks Software Oy,SMB,EMEA,2026-11,7659.64,7,89.24,25,64.0,6
acct_tandemworks,TandemWorks Software Oy,SMB,EMEA,2026-12,7909.71,3,86.99,58,54.58,5
acct_nimbus_fleet,Nimbus Fleet Services Pty Ltd.,Mid-Market,APAC,2026-01,14026.63,5,94.99,21,71.32,16
acct_nimbus_fleet,Nimbus Fleet Services Pty Ltd.,Mid-Market,APAC,2026-02,14849.68,3,91.0,25,66.22,15
acct_nimbus_fleet,Nimbus Fleet Services Pty Ltd.,Mid-Market,APAC,2026-03,14968.72,3,92.9,79,68.9,17
acct_nimbus_fleet,Nimbus Fleet Services Pty Ltd.,Mid-Market,APAC,2026-04,14119.86,5,90.43,33,62.14,14
acct_nimbus_fleet,Nimbus Fleet Services Pty Ltd.,Mid-Market,APAC,2026-05,14730.81,1,92.12,,61.47,14
acct_nimbus_fleet,Nimbus Fleet Services Pty Ltd.,Mid-Market,APAC,2026-06,14606.39,1,91.45,,66.56,14
acct_nimbus_fleet,Nimbus Fleet Services Pty Ltd.,Mid-Market,APAC,2026-07,14637.54,4,87.75,50,67.75,16
acct_nimbus_fleet,Nimbus Fleet Services Pty Ltd.,Mid-Market,APAC,2026-08,14274.21,4,92.6,43,72.27,17
acct_nimbus_fleet,Nimbus Fleet Services Pty Ltd.,Mid-Market,APAC,2026-09,15493.4,2,90.14,,63.05,15
acct_nimbus_fleet,Nimbus Fleet Services Pty Ltd.,Mid-Market,APAC,2026-10,14285.05,5,89.27,72,65.41,15
acct_nimbus_fleet,Nimbus Fleet Services Pty Ltd.,Mid-Market,APAC,2026-11,14701.44,3,94.39,40,70.93,16
acct_nimbus_fleet,Nimbus Fleet Services Pty Ltd.,Mid-Market,APAC,2026-12,15017.12,3,92.63,41,65.14,14
acct_solstice,Solstice Renewables Inc.,Enterprise,North America,2026-01,70504.79,3,91.75,46,73.18,106
acct_solstice,Solstice Renewables Inc.,Enterprise,North America,2026-02,73320.85,1,91.65,,75.13,114
acct_solstice,Solstice Renewables Inc.,Enterprise,North America,2026-03,76346.25,1,94.34,56,72.53,105
acct_solstice,Solstice Renewables Inc.,Enterprise,North America,2026-04,71240.2,1,96.08,64,69.8,104
acct_solstice,Solstice Renewables Inc.,Enterprise,North America,2026-05,72373.57,2,89.51,,73.17,111
acct_solstice,Solstice Renewables Inc.,Enterprise,North America,2026-06,74067.44,5,96.52,,68.61,105
acct_solstice,Solstice Renewables Inc.,Enterprise,North America,2026-07,72208.52,3,90.67,50,69.15,105
acct_solstice,Solstice Renewables Inc.,Enterprise,North America,2026-08,71771.15,4,90.86,,73.42,107
acct_solstice,Solstice Renewables Inc.,Enterprise,North America,2026-09,76070.23,3,94.53,63,70.44,107
acct_solstice,Solstice Renewables Inc.,Enterprise,North America,2026-10,73946.62,5,95.97,,71.41,106
acct_solstice,Solstice Renewables Inc.,Enterprise,North America,2026-11,73349.36,1,93.18,41,74.24,109
acct_solstice,Solstice Renewables Inc.,Enterprise,North America,2026-12,75860.07,4,89.54,60,69.77,113
acct_opalcare,OpalCare Pharmacy Group,Mid-Market,APAC,2026-01,19612.93,2,94.4,,85.49,29
acct_opalcare,OpalCare Pharmacy Group,Mid-Market,APAC,2026-02,19818.87,4,95.99,,83.49,29
acct_opalcare,OpalCare Pharmacy Group,Mid-Market,APAC,2026-03,20169.03,2,96.47,55,84.28,29
acct_opalcare,OpalCare Pharmacy Group,Mid-Market,APAC,2026-04,20621.28,2,97.5,55,81.97,28
acct_opalcare,OpalCare Pharmacy Group,Mid-Market,APAC,2026-05,19418.61,2,95.44,29,84.98,31
acct_opalcare,OpalCare Pharmacy Group,Mid-Market,APAC,2026-06,20052.23,1,92.94,66,89.1,31
acct_opalcare,OpalCare Pharmacy Group,Mid-Market,APAC,2026-07,19491.06,0,95.48,58,87.82,32
acct_opalcare,OpalCare Pharmacy Group,Mid-Market,APAC,2026-08,19813.92,5,92.23,81,82.14,28
acct_opalcare,OpalCare Pharmacy Group,Mid-Market,APAC,2026-09,21185.61,2,92.49,57,82.64,29
acct_opalcare,OpalCare Pharmacy Group,Mid-Market,APAC,2026-10,20425.85,3,96.46,,86.53,30
acct_opalcare,OpalCare Pharmacy Group,Mid-Market,APAC,2026-11,20217.49,1,98.92,70,81.72,28
acct_opalcare,OpalCare Pharmacy Group,Mid-Market,APAC,2026-12,21405.38,0,93.1,57,76.03,26
acct_everline,Everline Apparel LLC,SMB,North America,2026-01,7949.45,3,89.76,68,61.67,5
acct_everline,Everline Apparel LLC,SMB,North America,2026-02,8060.96,4,86.82,51,60.63,5
acct_everline,Everline Apparel LLC,SMB,North America,2026-03,8303.19,3,88.17,,69.2,6
acct_everline,Everline Apparel LLC,SMB,North America,2026-04,7998.76,4,89.26,22,64.0,5
acct_everline,Everline Apparel LLC,SMB,North America,2026-05,8124.17,5,89.3,54,68.1,6
acct_everline,Everline Apparel LLC,SMB,North America,2026-06,8085.2,3,88.31,49,62.19,5
acct_everline,Everline Apparel LLC,SMB,North America,2026-07,7847.17,5,90.27,54,63.79,5
acct_everline,Everline Apparel LLC,SMB,North America,2026-08,8003.84,5,90.39,46,57.39,4
acct_everline,Everline Apparel LLC,SMB,North America,2026-09,8125.68,3,89.38,,67.64,5
acct_everline,Everline Apparel LLC,SMB,North America,2026-10,8231.76,5,87.7,34,70.94,6
acct_everline,Everline Apparel LLC,SMB,North America,2026-11,7766.22,2,85.3,26,66.04,6
acct_everline,Everline Apparel LLC,SMB,North America,2026-12,8285.87,1,89.84,34,62.53,5
acct_westport,Westport Port Authority,Enterprise,North America,2026-01,46078.24,3,97.58,,81.09,81
acct_westport,Westport Port Authority,Enterprise,North America,2026-02,48575.58,2,93.33,71,87.96,91
acct_westport,Westport Port Authority,Enterprise,North America,2026-03,49029.27,5,98.75,55,82.28,88
acct_westport,Westport Port Authority,Enterprise,North America,2026-04,48262.2,2,92.99,91,77.23,82
acct_westport,Westport Port Authority,Enterprise,North America,2026-05,47671.71,4,93.93,,84.3,86
acct_westport,Westport Port Authority,Enterprise,North America,2026-06,46953.03,2,94.69,77,88.82,88
acct_westport,Westport Port Authority,Enterprise,North America,2026-07,46863.42,2,95.32,,77.55,77
acct_westport,Westport Port Authority,Enterprise,North America,2026-08,47793.64,0,96.39,56,87.65,93
acct_westport,Westport Port Authority,Enterprise,North America,2026-09,48924.54,4,98.7,77,78.05,78
acct_westport,Westport Port Authority,Enterprise,North America,2026-10,45412.96,2,93.73,65,84.18,85
acct_westport,Westport Port Authority,Enterprise,North America,2026-11,46061.17,0,95.88,60,85.8,90
acct_westport,Westport Port Authority,Enterprise,North America,2026-12,47437.17,3,92.15,63,81.45,87
acct_helios,Helios Medical Devices AG,Enterprise,EMEA,2026-01,33785.15,1,95.74,85,82.31,37
acct_helios,Helios Medical Devices AG,Enterprise,EMEA,2026-02,34346.08,1,97.17,75,85.8,37
acct_helios,Helios Medical Devices AG,Enterprise,EMEA,2026-03,35047.67,1,96.3,71,83.73,36
acct_helios,Helios Medical Devices AG,Enterprise,EMEA,2026-04,34967.34,2,96.84,45,86.73,38
acct_helios,Helios Medical Devices AG,Enterprise,EMEA,2026-05,32928.68,2,92.49,75,81.18,36
acct_helios,Helios Medical Devices AG,Enterprise,EMEA,2026-06,34700.67,0,93.5,,83.31,38
acct_helios,Helios Medical Devices AG,Enterprise,EMEA,2026-07,33422.3,3,94.6,62,82.88,39
acct_helios,Helios Medical Devices AG,Enterprise,EMEA,2026-08,34190.02,5,99.68,57,79.89,37
acct_helios,Helios Medical Devices AG,Enterprise,EMEA,2026-09,34237.99,3,96.59,62,86.83,39
acct_helios,Helios Medical Devices AG,Enterprise,EMEA,2026-10,33577.05,0,96.85,,76.59,34
acct_helios,Helios Medical Devices AG,Enterprise,EMEA,2026-11,33171.67,5,94.35,72,82.13,39
acct_helios,Helios Medical Devices AG,Enterprise,EMEA,2026-12,34761.7,5,98.19,61,83.34,36
acct_foxtrot,Foxtrot Foodservice Inc.,Mid-Market,North America,2026-01,20986.8,0,92.58,21,83.29,21
acct_foxtrot,Foxtrot Foodservice Inc.,Mid-Market,North America,2026-02,20961.22,3,95.1,44,90.08,21
acct_foxtrot,Foxtrot Foodservice Inc.,Mid-Market,North America,2026-03,21098.23,1,92.29,93,82.14,21
acct_foxtrot,Foxtrot Foodservice Inc.,Mid-Market,North America,2026-04,20224.24,2,96.82,,80.11,20
acct_foxtrot,Foxtrot Foodservice Inc.,Mid-Market,North America,2026-05,20808.86,3,94.61,58,78.86,20
acct_foxtrot,Foxtrot Foodservice Inc.,Mid-Market,North America,2026-06,20718.75,0,92.85,75,91.13,22
acct_foxtrot,Foxtrot Foodservice Inc.,Mid-Market,North America,2026-07,19789.6,2,93.54,80,82.32,21
acct_foxtrot,Foxtrot Foodservice Inc.,Mid-Market,North America,2026-08,19820.67,3,92.61,,85.46,21
acct_foxtrot,Foxtrot Foodservice Inc.,Mid-Market,North America,2026-09,21445.01,1,94.24,86,82.35,19
acct_foxtrot,Foxtrot Foodservice Inc.,Mid-Market,North America,2026-10,20402.21,1,93.42,,88.36,21
acct_foxtrot,Foxtrot Foodservice Inc.,Mid-Market,North America,2026-11,20975.5,2,93.98,,82.51,19
acct_foxtrot,Foxtrot Foodservice Inc.,Mid-Market,North America,2026-12,21904.92,1,92.64,,85.82,21
acct_southridge,Southridge Mining Ltd.,Enterprise,LATAM,2026-01,50388.33,1,98.74,,82.35,89
acct_southridge,Southridge Mining Ltd.,Enterprise,LATAM,2026-02,49551.23,0,91.79,87,84.04,89
acct_southridge,Southridge Mining Ltd.,Enterprise,LATAM,2026-03,51307.59,0,93.63,70,78.86,80
acct_southridge,Southridge Mining Ltd.,Enterprise,LATAM,2026-04,50270.48,1,94.74,67,77.22,78
acct_southridge,Southridge Mining Ltd.,Enterprise,LATAM,2026-05,49042.94,0,95.37,75,84.19,94
acct_southridge,Southridge Mining Ltd.,Enterprise,LATAM,2026-06,52374.35,2,93.72,,85.2,95
acct_southridge,Southridge Mining Ltd.,Enterprise,LATAM,2026-07,49201.81,3,95.72,51,83.26,88
acct_southridge,Southridge Mining Ltd.,Enterprise,LATAM,2026-08,47463.65,2,93.24,71,81.15,85
acct_southridge,Southridge Mining Ltd.,Enterprise,LATAM,2026-09,50089.37,1,96.84,45,81.54,82
acct_southridge,Southridge Mining Ltd.,Enterprise,LATAM,2026-10,49542.1,0,98.09,43,82.71,85
acct_southridge,Southridge Mining Ltd.,Enterprise,LATAM,2026-11,47294.64,2,94.36,70,82.37,90
acct_southridge,Southridge Mining Ltd.,Enterprise,LATAM,2026-12,49540.16,2,96.61,51,86.22,89
acct_lakeshore,Lakeshore Public Media,SMB,North America,2026-01,4918.84,5,93.66,45,74.36,5
acct_lakeshore,Lakeshore Public Media,SMB,North America,2026-02,4961.45,2,96.1,34,76.22,5
acct_lakeshore,Lakeshore Public Media,SMB,North America,2026-03,5092.5,2,92.92,,77.67,6
acct_lakeshore,Lakeshore Public Media,SMB,North America,2026-04,4878.69,2,95.3,54,70.21,5
acct_lakeshore,Lakeshore Public Media,SMB,North America,2026-05,5037.44,3,95.65,41,77.41,6
acct_lakeshore,Lakeshore Public Media,SMB,North America,2026-06,5199.43,0,89.96,65,66.7,5
acct_lakeshore,Lakeshore Public Media,SMB,North America,2026-07,5115.3,2,97.21,67,68.88,5
acct_lakeshore,Lakeshore Public Media,SMB,North America,2026-08,4921.65,2,96.42,47,67.34,5
acct_lakeshore,Lakeshore Public Media,SMB,North America,2026-09,5031.5,4,95.5,41,76.13,5
acct_lakeshore,Lakeshore Public Media,SMB,North America,2026-10,5119.42,1,93.93,,74.33,6
acct_lakeshore,Lakeshore Public Media,SMB,North America,2026-11,4857.02,1,93.38,83,75.73,6
acct_lakeshore,Lakeshore Public Media,SMB,North America,2026-12,5115.93,0,91.75,,70.56,5
acct_vectorline,Vectorline Security Systems LLC,Mid-Market,North America,2026-01,16237.78,2,94.85,70,92.14,21
acct_vectorline,Vectorline Security Systems LLC,Mid-Market,North America,2026-02,16933.4,0,97.9,72,89.93,21
acct_vectorline,Vectorline Security Systems LLC,Mid-Market,North America,2026-03,17260.8,2,100.0,59,90.16,21
acct_vectorline,Vectorline Security Systems LLC,Mid-Market,North America,2026-04,16968.35,0,94.46,45,85.28,20
acct_vectorline,Vectorline Security Systems LLC,Mid-Market,North America,2026-05,16595.92,2,99.14,,90.36,20
acct_vectorline,Vectorline Security Systems LLC,Mid-Market,North America,2026-06,17476.51,0,100.0,,86.64,20
acct_vectorline,Vectorline Security Systems LLC,Mid-Market,North America,2026-07,16710.96,2,99.57,88,91.65,20
acct_vectorline,Vectorline Security Systems LLC,Mid-Market,North America,2026-08,16369.46,2,98.96,81,89.18,19
acct_vectorline,Vectorline Security Systems LLC,Mid-Market,North America,2026-09,17635.52,1,93.53,51,92.94,21
acct_vectorline,Vectorline Security Systems LLC,Mid-Market,North America,2026-10,17035.67,3,100.0,70,91.52,21
acct_vectorline,Vectorline Security Systems LLC,Mid-Market,North America,2026-11,16892.24,3,95.65,84,95.01,21
acct_vectorline,Vectorline Security Systems LLC,Mid-Market,North America,2026-12,17478.59,1,97.35,,84.31,18
