charge_id,business_key,scope,charge_date,vendor,raw_category,description,amount,currency,record_status,amends_charge_id,location
FC_W_001,WEST-AUG-001,facilities_west,2026-08-04,Bay Maintenance,Preventive maintenance,Dock door PM,1280.0,USD,posted,,Oakland DC
FC_W_002,WEST-AUG-002,facilities_west,2026-08-06,West Fuel,Diesel fuel,Generator tank refill,740.5,USD,posted,,Reno Hub
FC_W_003,WEST-AUG-003,facilities_west,2026-08-08,Bay Maintenance,Repair,Void duplicate work order,415.0,USD,void,,Oakland DC
FC_W_004,WEST-AUG-003,facilities_west,2026-08-09,Bay Maintenance,Repair,Corrected conveyor work order,455.0,USD,amended,FC_W_003,Oakland DC
FC_W_005,WEST-AUG-004,facilities_west,2026-08-10,Port Freight,Accessorial,Detention at facility gate,310.25,USD,posted,,Long Beach Crossdock
FC_BG_0000,FAC-0000,facilities_west,2026-08-10,TaxDesk,misc,monthly service,4477.45,USD,posted,,Oakland DC
FC_BG_0001,FAC-0000,facilities_west,2026-04-24,Port Freight,misc,monthly service,2762.13,USD,posted,,Reno Hub
FC_BG_0002,FAC-0002,facilities_west,2026-08-14,Port Freight,Repair,fuel surcharge,1312.29,USD,posted,,Atlanta DC
FC_BG_0003,FAC-0003,partner_onboarding,2026-02-21,North Repair,Repair,monthly service,1698.19,USD,posted,,Reno Hub
FC_BG_0004,FAC-0004,facilities_west,2026-06-02,Port Freight,Freight,monthly service,1683.82,USD,posted,,Oakland DC
FC_BG_0005,FAC-0005,facilities_east,2026-09-11,Bay Maintenance,Accessorial,monthly service,2223.43,USD,posted,,Oakland DC
FC_BG_0006,FAC-0006,facilities_west,2026-02-25,GridWorks,Preventive maintenance,gate detention,1331.51,USD,posted,,Atlanta DC
FC_BG_0007,FAC-0007,facilities_north,2026-03-25,GridWorks,Freight,dock repair,2726.52,USD,posted,,Reno Hub
FC_BG_0008,FAC-0008,facilities_west,2026-05-21,GridWorks,Fuel,gate detention,783.16,USD,posted,,Oakland DC
FC_BG_0009,FAC-0009,partner_onboarding,2026-03-11,GridWorks,Preventive maintenance,regulatory fee,4486.41,USD,posted,,Oakland DC
FC_BG_0010,FAC-0010,facilities_north,2026-05-14,TaxDesk,Preventive maintenance,dock repair,4297.2,USD,posted,,Reno Hub
FC_BG_0011,FAC-0011,facilities_west,2026-02-27,North Repair,Fuel,fuel surcharge,3818.47,USD,posted,,Albany Depot
FC_BG_0012,FAC-0012,facilities_north,2026-02-04,TaxDesk,Repair,monthly service,4375.15,USD,posted,,Reno Hub
FC_BG_0013,FAC-0013,facilities_north,2026-07-23,Port Freight,Repair,monthly service,3788.51,USD,posted,,Albany Depot
FC_BG_0014,FAC-0014,facilities_east,2026-08-16,Port Freight,Freight,monthly service,1797.34,USD,posted,,Oakland DC
FC_BG_0015,FAC-0015,facilities_east,2026-09-14,Bay Maintenance,misc,gate detention,514.12,USD,posted,,Oakland DC
FC_BG_0016,FAC-0016,facilities_north,2026-02-20,North Repair,Accessorial,fuel surcharge,3420.9,USD,posted,,Reno Hub
FC_BG_0017,FAC-0017,facilities_west,2026-02-25,North Repair,Fuel,fuel surcharge,4932.67,USD,posted,,Atlanta DC
FC_BG_0018,FAC-0018,facilities_west,2026-06-01,North Repair,Repair,gate detention,3646.37,USD,posted,,Albany Depot
FC_BG_0019,FAC-0019,facilities_west,2026-04-06,North Repair,Fuel,gate detention,2622.92,USD,posted,,Reno Hub
FC_BG_0020,FAC-0020,partner_onboarding,2026-03-22,Port Freight,Tax,monthly service,4553.26,USD,posted,,Reno Hub
FC_BG_0021,FAC-0021,facilities_west,2026-07-19,Bay Maintenance,Repair,fuel surcharge,3180.32,USD,void,,Atlanta DC
FC_BG_0022,FAC-0022,facilities_west,2026-07-17,North Repair,Fuel,gate detention,1889.25,USD,posted,,Atlanta DC
FC_BG_0023,FAC-0023,facilities_west,2026-06-11,TaxDesk,Fuel,monthly service,2260.02,USD,posted,,Oakland DC
FC_BG_0024,FAC-0024,facilities_north,2026-08-18,Port Freight,misc,dock repair,1988.86,USD,posted,,Albany Depot
FC_BG_0025,FAC-0025,facilities_east,2026-06-13,Bay Maintenance,Preventive maintenance,gate detention,2753.49,USD,posted,,Atlanta DC
FC_BG_0026,FAC-0026,facilities_east,2026-01-22,TaxDesk,Accessorial,dock repair,1289.15,USD,posted,,Oakland DC
FC_BG_0027,FAC-0027,partner_onboarding,2026-09-18,Port Freight,Accessorial,gate detention,2969.65,USD,posted,,Reno Hub
FC_BG_0028,FAC-0028,facilities_east,2026-04-25,GridWorks,Accessorial,regulatory fee,888.9,USD,posted,,Reno Hub
FC_BG_0029,FAC-0029,facilities_west,2026-06-09,GridWorks,Fuel,regulatory fee,562.68,USD,posted,,Oakland DC
FC_BG_0030,FAC-0030,facilities_east,2026-05-26,North Repair,Tax,fuel surcharge,3724.09,USD,posted,,Albany Depot
FC_BG_0031,FAC-0031,facilities_west,2026-08-07,Bay Maintenance,Preventive maintenance,gate detention,3717.08,USD,posted,,Atlanta DC
FC_BG_0032,FAC-0032,facilities_west,2026-03-18,GridWorks,Fuel,gate detention,2007.21,USD,posted,,Reno Hub
FC_BG_0033,FAC-0033,partner_onboarding,2026-02-28,North Repair,Fuel,gate detention,2930.79,USD,posted,,Oakland DC
FC_BG_0034,FAC-0034,facilities_north,2026-05-28,TaxDesk,Fuel,regulatory fee,4501.25,USD,posted,,Oakland DC
FC_BG_0035,FAC-0035,partner_onboarding,2026-07-15,Port Freight,Preventive maintenance,gate detention,1460.08,USD,posted,,Reno Hub
FC_BG_0036,FAC-0036,facilities_north,2026-07-16,GridWorks,Accessorial,dock repair,2953.49,USD,posted,,Albany Depot
FC_BG_0037,FAC-0037,partner_onboarding,2026-07-19,Port Freight,Tax,gate detention,3511.68,USD,posted,,Reno Hub
FC_BG_0038,FAC-0038,facilities_north,2026-02-27,Port Freight,Tax,gate detention,2562.19,USD,posted,,Reno Hub
FC_BG_0039,FAC-0039,facilities_west,2026-07-19,TaxDesk,Fuel,gate detention,3333.14,USD,posted,,Reno Hub
FC_BG_0040,FAC-0040,facilities_west,2026-04-26,Port Freight,Accessorial,monthly service,3594.93,USD,posted,,Albany Depot
FC_BG_0041,FAC-0041,facilities_west,2026-02-19,Bay Maintenance,misc,monthly service,1412.47,USD,posted,,Albany Depot
FC_BG_0042,FAC-0042,facilities_north,2026-09-02,North Repair,Accessorial,fuel surcharge,2915.19,USD,posted,,Albany Depot
FC_BG_0043,FAC-0021,facilities_east,2026-01-19,Bay Maintenance,Preventive maintenance,dock repair,4555.71,USD,posted,,Reno Hub
FC_BG_0044,FAC-0022,partner_onboarding,2026-02-09,GridWorks,misc,gate detention,1147.03,USD,posted,,Albany Depot
FC_BG_0045,FAC-0045,facilities_east,2026-04-24,North Repair,Repair,regulatory fee,4528.65,USD,posted,,Atlanta DC
FC_BG_0046,FAC-0046,facilities_west,2026-05-27,Port Freight,Accessorial,gate detention,1365.22,USD,posted,,Albany Depot
FC_BG_0047,FAC-0047,partner_onboarding,2026-01-28,Port Freight,Accessorial,regulatory fee,2920.27,USD,posted,,Atlanta DC
FC_BG_0048,FAC-0048,facilities_north,2026-06-17,North Repair,Accessorial,gate detention,291.49,USD,posted,,Albany Depot
FC_BG_0049,FAC-0049,facilities_west,2026-04-09,GridWorks,Preventive maintenance,fuel surcharge,4634.96,USD,posted,,Albany Depot
FC_BG_0050,FAC-0050,facilities_north,2026-02-26,GridWorks,Fuel,fuel surcharge,977.7,USD,posted,,Albany Depot
FC_BG_0051,FAC-0051,facilities_east,2026-04-22,TaxDesk,misc,dock repair,2908.1,USD,posted,,Reno Hub
FC_BG_0052,FAC-0052,facilities_east,2026-09-13,Bay Maintenance,Preventive maintenance,gate detention,179.41,USD,amended,FC_BG_0051,Albany Depot
FC_BG_0053,FAC-0053,facilities_north,2026-04-14,Port Freight,Fuel,dock repair,4020.06,USD,void,,Atlanta DC
FC_BG_0054,FAC-0054,facilities_west,2026-05-28,TaxDesk,Freight,gate detention,442.93,USD,posted,,Albany Depot
FC_BG_0055,FAC-0055,facilities_north,2026-06-18,Bay Maintenance,Repair,regulatory fee,1223.75,USD,posted,,Oakland DC
FC_BG_0056,FAC-0056,facilities_east,2026-06-07,GridWorks,Freight,fuel surcharge,4718.83,USD,posted,,Atlanta DC
FC_BG_0057,FAC-0057,facilities_west,2026-01-22,TaxDesk,Tax,dock repair,954.31,USD,posted,,Reno Hub
FC_BG_0058,FAC-0058,facilities_north,2026-06-19,Port Freight,Tax,monthly service,4595.1,USD,posted,,Reno Hub
FC_BG_0059,FAC-0059,facilities_west,2026-09-16,TaxDesk,Fuel,fuel surcharge,3539.87,USD,posted,,Albany Depot
FC_BG_0060,FAC-0060,facilities_north,2026-03-02,Bay Maintenance,Tax,fuel surcharge,295.61,USD,posted,,Albany Depot
FC_BG_0061,FAC-0061,facilities_east,2026-06-07,Port Freight,Preventive maintenance,gate detention,1007.5,USD,posted,,Oakland DC
FC_BG_0062,FAC-0062,facilities_east,2026-01-24,TaxDesk,Repair,fuel surcharge,1228.46,USD,posted,,Albany Depot
FC_BG_0063,FAC-0063,partner_onboarding,2026-03-10,North Repair,Accessorial,regulatory fee,859.47,USD,posted,,Reno Hub
FC_BG_0064,FAC-0064,facilities_north,2026-01-19,Port Freight,Preventive maintenance,dock repair,4951.36,USD,void,,Atlanta DC
FC_BG_0065,FAC-0065,partner_onboarding,2026-08-25,Bay Maintenance,Repair,dock repair,362.31,USD,posted,,Albany Depot
FC_BG_0066,FAC-0066,partner_onboarding,2026-01-22,Port Freight,misc,gate detention,4403.94,USD,posted,,Reno Hub
FC_BG_0067,FAC-0067,facilities_west,2026-01-02,Port Freight,Preventive maintenance,regulatory fee,2936.34,USD,posted,,Atlanta DC
FC_BG_0068,FAC-0068,facilities_west,2026-06-07,Bay Maintenance,Preventive maintenance,gate detention,4518.68,USD,posted,,Atlanta DC
FC_BG_0069,FAC-0069,facilities_north,2026-06-26,GridWorks,Freight,fuel surcharge,4739.76,USD,posted,,Atlanta DC
FC_BG_0070,FAC-0070,facilities_east,2026-01-04,GridWorks,Tax,regulatory fee,1578.56,USD,posted,,Reno Hub
FC_BG_0071,FAC-0071,partner_onboarding,2026-06-25,GridWorks,misc,fuel surcharge,702.06,USD,posted,,Oakland DC
FC_BG_0072,FAC-0072,partner_onboarding,2026-09-26,Port Freight,Repair,monthly service,2648.27,USD,void,,Reno Hub
FC_BG_0073,FAC-0073,facilities_west,2026-09-26,TaxDesk,Preventive maintenance,gate detention,1487.45,USD,posted,,Reno Hub
FC_BG_0074,FAC-0074,facilities_north,2026-05-07,GridWorks,Repair,gate detention,848.51,USD,posted,,Albany Depot
FC_BG_0075,FAC-0075,facilities_north,2026-05-08,North Repair,Tax,regulatory fee,140.54,USD,posted,,Albany Depot
FC_BG_0076,FAC-0076,partner_onboarding,2026-03-01,GridWorks,Fuel,regulatory fee,4584.23,USD,posted,,Atlanta DC
FC_BG_0077,FAC-0077,facilities_north,2026-05-22,GridWorks,Fuel,dock repair,2030.63,USD,posted,,Reno Hub
FC_BG_0078,FAC-0078,partner_onboarding,2026-06-23,TaxDesk,misc,gate detention,1449.5,USD,posted,,Reno Hub
FC_BG_0079,FAC-0079,facilities_west,2026-09-15,GridWorks,Freight,regulatory fee,1928.65,USD,posted,,Atlanta DC
FC_BG_0080,FAC-0080,facilities_west,2026-06-17,TaxDesk,Preventive maintenance,regulatory fee,4911.36,USD,posted,,Reno Hub
FC_BG_0081,FAC-0081,facilities_east,2026-02-18,Port Freight,misc,gate detention,3922.45,USD,void,,Oakland DC
FC_BG_0082,FAC-0082,facilities_east,2026-09-01,TaxDesk,Freight,regulatory fee,1365.37,USD,posted,,Albany Depot
FC_BG_0083,FAC-0083,facilities_north,2026-01-25,Bay Maintenance,Tax,regulatory fee,2786.74,USD,posted,,Oakland DC
FC_BG_0084,FAC-0084,facilities_north,2026-07-28,TaxDesk,Freight,gate detention,764.86,USD,posted,,Oakland DC
FC_BG_0085,FAC-0085,facilities_west,2026-05-11,TaxDesk,Tax,fuel surcharge,3550.03,USD,posted,,Atlanta DC
FC_BG_0086,FAC-0043,facilities_north,2026-07-05,North Repair,misc,regulatory fee,248.95,USD,void,,Reno Hub
FC_BG_0087,FAC-0043,partner_onboarding,2026-07-01,North Repair,Tax,fuel surcharge,1755.47,USD,void,,Reno Hub
FC_BG_0088,FAC-0088,facilities_east,2026-08-26,Port Freight,misc,regulatory fee,4275.4,USD,posted,,Albany Depot
FC_BG_0089,FAC-0089,facilities_north,2026-03-12,Port Freight,Freight,fuel surcharge,178.75,USD,posted,,Reno Hub
FC_BG_0090,FAC-0090,facilities_east,2026-07-12,North Repair,Tax,monthly service,4808.16,USD,posted,,Atlanta DC
FC_BG_0091,FAC-0091,partner_onboarding,2026-03-26,TaxDesk,Freight,dock repair,357.01,USD,posted,,Reno Hub
FC_BG_0092,FAC-0092,facilities_east,2026-06-16,North Repair,Preventive maintenance,regulatory fee,710.35,USD,void,,Albany Depot
FC_BG_0093,FAC-0093,facilities_east,2026-07-03,TaxDesk,Tax,monthly service,3436.17,USD,posted,,Atlanta DC
FC_BG_0094,FAC-0094,partner_onboarding,2026-09-26,North Repair,Repair,regulatory fee,3910.45,USD,posted,,Oakland DC
FC_BG_0095,FAC-0095,partner_onboarding,2026-02-07,GridWorks,Tax,dock repair,924.15,USD,posted,,Atlanta DC
FC_BG_0096,FAC-0096,facilities_east,2026-09-19,TaxDesk,Freight,gate detention,604.33,USD,posted,,Atlanta DC
FC_BG_0097,FAC-0097,facilities_north,2026-03-10,North Repair,Freight,dock repair,4320.1,USD,posted,,Albany Depot
FC_BG_0098,FAC-0098,facilities_east,2026-03-28,TaxDesk,Accessorial,monthly service,2532.4,USD,posted,,Oakland DC
FC_BG_0099,FAC-0099,facilities_east,2026-02-07,North Repair,Fuel,regulatory fee,4623.69,USD,posted,,Oakland DC
FC_BG_0100,FAC-0100,facilities_east,2026-03-18,North Repair,Accessorial,gate detention,2541.82,USD,posted,,Reno Hub
FC_BG_0101,FAC-0101,facilities_west,2026-09-28,GridWorks,Accessorial,fuel surcharge,2233.83,USD,posted,,Atlanta DC
FC_BG_0102,FAC-0102,facilities_west,2026-06-22,North Repair,Repair,monthly service,772.41,USD,posted,,Albany Depot
FC_BG_0103,FAC-0103,facilities_east,2026-06-10,North Repair,Fuel,gate detention,1918.22,USD,void,,Oakland DC
FC_BG_0104,FAC-0104,facilities_west,2026-01-23,Bay Maintenance,Tax,gate detention,3725.84,USD,posted,,Oakland DC
FC_BG_0105,FAC-0105,facilities_east,2026-01-09,GridWorks,Preventive maintenance,gate detention,4902.62,USD,posted,,Oakland DC
FC_BG_0106,FAC-0106,facilities_north,2026-07-20,GridWorks,Tax,dock repair,3009.98,USD,posted,,Oakland DC
FC_BG_0107,FAC-0107,facilities_north,2026-07-04,Port Freight,misc,gate detention,230.55,USD,posted,,Oakland DC
FC_BG_0108,FAC-0108,facilities_west,2026-07-05,Bay Maintenance,Accessorial,monthly service,4560.88,USD,posted,,Reno Hub
FC_BG_0109,FAC-0109,facilities_east,2026-02-10,GridWorks,Preventive maintenance,gate detention,590.81,USD,void,,Atlanta DC
FC_BG_0110,FAC-0110,facilities_west,2026-08-24,Bay Maintenance,Accessorial,monthly service,4610.1,USD,posted,,Albany Depot
FC_BG_0111,FAC-0111,facilities_east,2026-08-15,Port Freight,Fuel,monthly service,2518.23,USD,posted,,Atlanta DC
FC_BG_0112,FAC-0112,partner_onboarding,2026-09-03,TaxDesk,Tax,gate detention,4519.42,USD,posted,,Atlanta DC
FC_BG_0113,FAC-0113,facilities_east,2026-01-15,GridWorks,Freight,fuel surcharge,834.55,USD,posted,,Oakland DC
FC_BG_0114,FAC-0114,facilities_west,2026-03-12,GridWorks,Freight,regulatory fee,4098.7,USD,posted,,Albany Depot
FC_BG_0115,FAC-0115,facilities_north,2026-03-20,TaxDesk,misc,regulatory fee,1754.25,USD,posted,,Albany Depot
FC_BG_0116,FAC-0116,facilities_north,2026-03-11,TaxDesk,Preventive maintenance,monthly service,3222.87,USD,posted,,Atlanta DC
FC_BG_0117,FAC-0117,facilities_north,2026-01-05,North Repair,Freight,monthly service,2404.44,USD,posted,,Atlanta DC
FC_BG_0118,FAC-0118,facilities_north,2026-09-25,GridWorks,Preventive maintenance,regulatory fee,2478.99,USD,posted,,Oakland DC
FC_BG_0119,FAC-0119,facilities_west,2026-05-24,North Repair,Accessorial,gate detention,3664.36,USD,amended,FC_BG_0118,Albany Depot
FC_BG_0120,FAC-0120,facilities_north,2026-08-04,North Repair,Fuel,fuel surcharge,4923.47,USD,posted,,Oakland DC
FC_BG_0121,FAC-0121,partner_onboarding,2026-09-11,GridWorks,Preventive maintenance,fuel surcharge,1458.29,USD,void,,Oakland DC
FC_BG_0122,FAC-0122,facilities_west,2026-02-02,Bay Maintenance,Freight,dock repair,2557.19,USD,posted,,Atlanta DC
FC_BG_0123,FAC-0123,facilities_west,2026-03-08,Bay Maintenance,Preventive maintenance,regulatory fee,623.51,USD,posted,,Atlanta DC
FC_BG_0124,FAC-0124,facilities_north,2026-06-25,Port Freight,Repair,regulatory fee,2522.62,USD,posted,,Albany Depot
FC_BG_0125,FAC-0125,partner_onboarding,2026-09-20,Port Freight,Tax,regulatory fee,4302.16,USD,void,,Reno Hub
FC_BG_0126,FAC-0126,facilities_east,2026-09-21,Port Freight,Repair,regulatory fee,316.79,USD,posted,,Oakland DC
FC_BG_0127,FAC-0127,facilities_north,2026-02-05,GridWorks,Preventive maintenance,dock repair,1953.57,USD,posted,,Atlanta DC
FC_BG_0128,FAC-0128,facilities_west,2026-02-03,Bay Maintenance,Preventive maintenance,dock repair,1791.39,USD,posted,,Albany Depot
FC_BG_0129,FAC-0064,partner_onboarding,2026-08-10,Port Freight,Repair,gate detention,4390.64,USD,posted,,Oakland DC
FC_BG_0130,FAC-0065,facilities_west,2026-08-12,TaxDesk,Accessorial,fuel surcharge,4355.1,USD,posted,,Reno Hub
FC_BG_0131,FAC-0131,facilities_east,2026-06-02,GridWorks,Repair,fuel surcharge,3171.27,USD,posted,,Albany Depot
FC_BG_0132,FAC-0132,facilities_west,2026-02-04,TaxDesk,Repair,regulatory fee,3149.67,USD,posted,,Atlanta DC
FC_BG_0133,FAC-0133,partner_onboarding,2026-05-04,TaxDesk,Repair,regulatory fee,4879.35,USD,posted,,Albany Depot
FC_BG_0134,FAC-0134,facilities_north,2026-07-09,GridWorks,Preventive maintenance,monthly service,3208.31,USD,posted,,Atlanta DC
FC_BG_0135,FAC-0135,facilities_west,2026-03-02,North Repair,misc,fuel surcharge,3733.07,USD,posted,,Atlanta DC
FC_BG_0136,FAC-0136,facilities_east,2026-05-07,North Repair,Tax,dock repair,3357.48,USD,void,,Atlanta DC
FC_BG_0137,FAC-0137,facilities_west,2026-08-06,Port Freight,Repair,fuel surcharge,3571.56,USD,posted,,Reno Hub
FC_BG_0138,FAC-0138,partner_onboarding,2026-07-12,Port Freight,misc,gate detention,4033.89,USD,posted,,Reno Hub
FC_BG_0139,FAC-0139,facilities_north,2026-06-07,Port Freight,Preventive maintenance,fuel surcharge,4838.31,USD,posted,,Albany Depot
FC_BG_0140,FAC-0140,partner_onboarding,2026-05-11,Bay Maintenance,Repair,dock repair,2923.33,USD,posted,,Albany Depot
FC_BG_0141,FAC-0141,facilities_north,2026-04-25,TaxDesk,misc,regulatory fee,2147.34,USD,posted,,Albany Depot
FC_BG_0142,FAC-0142,partner_onboarding,2026-01-19,Port Freight,Preventive maintenance,monthly service,1793.7,USD,posted,,Oakland DC
FC_BG_0143,FAC-0143,facilities_north,2026-07-21,North Repair,Tax,monthly service,4847.84,USD,posted,,Atlanta DC
FC_BG_0144,FAC-0144,facilities_east,2026-02-22,Bay Maintenance,Fuel,regulatory fee,1933.92,USD,posted,,Albany Depot
FC_BG_0145,FAC-0145,facilities_east,2026-03-10,Bay Maintenance,Accessorial,gate detention,1531.29,USD,posted,,Oakland DC
FC_BG_0146,FAC-0146,facilities_north,2026-09-16,Port Freight,Fuel,fuel surcharge,770.91,USD,posted,,Oakland DC
FC_BG_0147,FAC-0147,facilities_north,2026-02-20,North Repair,Preventive maintenance,gate detention,4880.72,USD,posted,,Albany Depot
FC_BG_0148,FAC-0148,partner_onboarding,2026-09-23,Port Freight,Fuel,dock repair,2018.86,USD,posted,,Reno Hub
FC_BG_0149,FAC-0149,facilities_east,2026-06-11,GridWorks,misc,fuel surcharge,1520.7,USD,posted,,Reno Hub
FC_BG_0150,FAC-0150,partner_onboarding,2026-09-03,North Repair,Freight,regulatory fee,4807.85,USD,posted,,Atlanta DC
FC_BG_0151,FAC-0151,partner_onboarding,2026-04-16,TaxDesk,Fuel,dock repair,3811.38,USD,posted,,Albany Depot
FC_BG_0152,FAC-0152,facilities_east,2026-08-10,GridWorks,misc,regulatory fee,4362.56,USD,posted,,Atlanta DC
FC_BG_0153,FAC-0153,partner_onboarding,2026-02-16,Bay Maintenance,Fuel,gate detention,2494.25,USD,posted,,Oakland DC
FC_BG_0154,FAC-0154,facilities_north,2026-08-02,Bay Maintenance,Fuel,monthly service,1539.12,USD,posted,,Reno Hub
FC_BG_0155,FAC-0155,facilities_west,2026-06-11,GridWorks,misc,gate detention,1804.09,USD,void,,Reno Hub
FC_BG_0156,FAC-0156,partner_onboarding,2026-06-25,Bay Maintenance,Accessorial,gate detention,4420.99,USD,posted,,Atlanta DC
FC_BG_0157,FAC-0157,facilities_west,2026-02-14,GridWorks,Accessorial,fuel surcharge,1841.79,USD,posted,,Albany Depot
FC_BG_0158,FAC-0158,facilities_north,2026-02-02,GridWorks,Preventive maintenance,monthly service,23.46,USD,posted,,Albany Depot
FC_BG_0159,FAC-0159,partner_onboarding,2026-06-27,North Repair,Preventive maintenance,monthly service,3553.72,USD,posted,,Oakland DC
FC_BG_0160,FAC-0160,partner_onboarding,2026-07-27,GridWorks,misc,regulatory fee,2702.44,USD,posted,,Oakland DC
FC_BG_0161,FAC-0161,facilities_east,2026-03-01,TaxDesk,Fuel,gate detention,506.05,USD,posted,,Oakland DC
FC_BG_0162,FAC-0162,facilities_north,2026-05-06,Port Freight,Fuel,regulatory fee,1020.16,USD,posted,,Albany Depot
FC_BG_0163,FAC-0163,partner_onboarding,2026-05-15,Port Freight,misc,dock repair,1273.88,USD,posted,,Reno Hub
