event_id,business_key,wave_id,event_type,lane,event_date,amount,currency,quantity,unit,record_status,amends_event_id,source_system,quality_notes
LC_SEA_001,SEA-1001,SEA_Q3_2026,freight,Shanghai-Los Angeles,2026-07-12,8400.0,USD,18000,kg,posted,,carrier_invoice,[]
LC_SEA_002,SEA-1002,SEA_Q3_2026,accessorial,Shenzhen-Oakland,2026-07-15,725.0,USD,1,shipment,posted,,carrier_invoice,"[""detention""]"
LC_SEA_003,SEA-1003,SEA_Q3_2026,freight,Ningbo-Seattle,2026-08-02,-100.0,USD,8000,kg,posted,,manual_adjustment,"[""invalid_negative_amount""]"
LC_AIR_001,AIR-2001,AIR_Q4_2026,freight,Frankfurt-Atlanta,2026-10-03,6200.0,EUR,4300,kg,posted,,carrier_invoice,[]
LC_AIR_002,AIR-2002,AIR_Q4_2026,accessorial,London-Boston,2026-10-07,910.0,GBP,1,shipment,posted,,carrier_invoice,[]
LC_AIR_003,AIR-2002,AIR_Q4_2026,accessorial,London-Boston,2026-10-08,870.0,GBP,1,shipment,amended,LC_AIR_002,carrier_amendment,"[""amended_amount""]"
LC_CLM_001,CLM-3001,CLAIMS_SEP_2026,claim,Toronto-Chicago,2026-09-11,2500.0,CAD,1,claim,posted,,claims_portal,[]
LC_CLM_002,CLM-3002,CLAIMS_SEP_2026,tax_fee,Montreal-Newark,2026-09-13,,CAD,1,shipment,posted,,claims_portal,"[""missing_amount""]"
LC_BG_0000,LOG-0000,SEA_Q3_2026,freight,Seattle-Denver,2026-07-18,-47.52,CAD,19091,pallet,posted,,manual_adjustment,"[""invalid_negative_amount"", ""invalid_unit""]"
LC_BG_0001,LOG-0000,WAREHOUSE_REBILL_2026,accessorial,London-Boston,2026-03-16,1969.01,CAD,11363,mile,posted,,carrier_invoice,[]
LC_BG_0002,LOG-0002,CLAIMS_SEP_2026,accessorial,Frankfurt-Atlanta,2026-08-21,6974.44,EUR,20891,kg,posted,,manual_adjustment,[]
LC_BG_0003,LOG-0003,CLAIMS_SEP_2026,freight,London-Boston,2026-09-03,1096.54,EUR,1562,lb,posted,,claims_portal,[]
LC_BG_0004,LOG-0004,AIR_Q4_2026,tax_fee,London-Boston,2026-06-12,7754.54,USD,16306,lb,posted,,carrier_invoice,[]
LC_BG_0005,LOG-0005,SEA_Q3_2026,claim,London-Boston,2026-09-25,7091.29,CAD,19509,lb,posted,,manual_adjustment,[]
LC_BG_0006,LOG-0006,WAREHOUSE_REBILL_2026,claim,London-Boston,2026-04-02,4143.77,CAD,11244,claim,posted,,manual_adjustment,[]
LC_BG_0007,LOG-0007,WAREHOUSE_REBILL_2026,accessorial,LA-Dallas,2026-03-28,7224.38,EUR,16356,kg,posted,,carrier_invoice,[]
LC_BG_0008,LOG-0008,CLAIMS_SEP_2026,freight,Seattle-Denver,2026-01-25,7820.19,EUR,18951,mile,posted,,carrier_invoice,[]
LC_BG_0009,LOG-0009,AIR_Q4_2026,claim,LA-Dallas,2026-03-16,8366.3,EUR,24087,claim,posted,,carrier_invoice,[]
LC_BG_0010,LOG-0010,ROAD_Q2_2026,freight,Frankfurt-Atlanta,2026-11-09,7539.97,USD,1847,kg,void,,manual_adjustment,[]
LC_BG_0011,LOG-0011,ROAD_Q2_2026,freight,London-Boston,2026-02-09,4208.3,EUR,13715,claim,posted,,manual_adjustment,[]
LC_BG_0012,LOG-0012,AIR_Q4_2026,claim,Seattle-Denver,2026-07-26,8905.43,USD,10064,kg,posted,,carrier_invoice,[]
LC_BG_0013,LOG-0013,WAREHOUSE_REBILL_2026,freight,Toronto-Chicago,2026-08-27,6034.69,CAD,2267,mile,posted,,manual_adjustment,[]
LC_BG_0014,LOG-0014,ROAD_Q2_2026,claim,LA-Dallas,2026-03-23,136.16,USD,19754,lb,posted,,manual_adjustment,[]
LC_BG_0015,LOG-0015,SEA_Q3_2026,accessorial,Frankfurt-Atlanta,2026-05-28,1170.12,CAD,14026,kg,posted,,claims_portal,[]
LC_BG_0016,LOG-0016,CLAIMS_SEP_2026,freight,Frankfurt-Atlanta,2026-10-23,7706.23,EUR,7276,mile,void,,claims_portal,[]
LC_BG_0017,LOG-0017,AIR_Q4_2026,tax_fee,Frankfurt-Atlanta,2026-02-05,5855.46,USD,21110,shipment,posted,,claims_portal,[]
LC_BG_0018,LOG-0018,CLAIMS_SEP_2026,claim,LA-Dallas,2026-01-03,4857.19,USD,18335,mile,void,,manual_adjustment,[]
LC_BG_0019,LOG-0019,CLAIMS_SEP_2026,tax_fee,Frankfurt-Atlanta,2026-02-07,2790.19,USD,11562,kg,posted,,claims_portal,[]
LC_BG_0020,LOG-0020,ROAD_Q2_2026,tax_fee,London-Boston,2026-02-21,659.51,USD,11179,mile,posted,,manual_adjustment,[]
LC_BG_0021,LOG-0021,AIR_Q4_2026,freight,Toronto-Chicago,2026-05-04,3818.53,CAD,24257,mile,posted,,carrier_invoice,[]
LC_BG_0022,LOG-0022,ROAD_Q2_2026,accessorial,Frankfurt-Atlanta,2026-12-27,3971.82,USD,20777,lb,posted,,carrier_invoice,[]
LC_BG_0023,LOG-0023,CLAIMS_SEP_2026,accessorial,Toronto-Chicago,2026-08-26,3725.68,CAD,23982,mile,posted,,claims_portal,[]
LC_BG_0024,LOG-0024,AIR_Q4_2026,tax_fee,Toronto-Chicago,2026-11-18,4010.98,CAD,6836,shipment,posted,,carrier_invoice,[]
LC_BG_0025,LOG-0025,SEA_Q3_2026,accessorial,LA-Dallas,2026-05-06,3702.2,GBP,2029,shipment,posted,,manual_adjustment,[]
LC_BG_0026,LOG-0026,AIR_Q4_2026,accessorial,Toronto-Chicago,2026-04-13,4661.3,USD,9103,claim,posted,,manual_adjustment,[]
LC_BG_0027,LOG-0027,SEA_Q3_2026,tax_fee,Toronto-Chicago,2026-01-20,7270.88,GBP,21823,lb,posted,,carrier_invoice,[]
LC_BG_0028,LOG-0028,WAREHOUSE_REBILL_2026,tax_fee,Seattle-Denver,2026-07-26,2639.2,CAD,1474,kg,posted,,carrier_invoice,[]
LC_BG_0029,LOG-0029,ROAD_Q2_2026,accessorial,LA-Dallas,2026-03-09,1686.12,USD,18354,kg,posted,,claims_portal,[]
LC_BG_0030,LOG-0030,SEA_Q3_2026,freight,Seattle-Denver,2026-10-18,4841.37,EUR,10101,kg,posted,,carrier_invoice,[]
LC_BG_0031,LOG-0031,WAREHOUSE_REBILL_2026,accessorial,London-Boston,2026-05-01,455.21,USD,3608,shipment,posted,,manual_adjustment,[]
LC_BG_0032,LOG-0032,CLAIMS_SEP_2026,freight,London-Boston,2026-09-22,8624.39,EUR,17861,shipment,posted,,claims_portal,[]
LC_BG_0033,LOG-0033,SEA_Q3_2026,freight,Seattle-Denver,2026-09-08,5872.65,EUR,9353,shipment,void,,manual_adjustment,[]
LC_BG_0034,LOG-0034,ROAD_Q2_2026,tax_fee,London-Boston,2026-06-13,7405.72,GBP,15497,claim,posted,,carrier_invoice,[]
LC_BG_0035,LOG-0035,CLAIMS_SEP_2026,claim,Frankfurt-Atlanta,2026-05-15,3831.36,EUR,1943,mile,posted,,claims_portal,[]
LC_BG_0036,LOG-0036,WAREHOUSE_REBILL_2026,claim,Frankfurt-Atlanta,2026-01-02,6644.75,USD,9717,claim,void,,claims_portal,[]
LC_BG_0037,LOG-0037,SEA_Q3_2026,tax_fee,Toronto-Chicago,2026-12-03,5088.3,USD,24657,kg,posted,,claims_portal,[]
LC_BG_0038,LOG-0038,SEA_Q3_2026,freight,London-Boston,2026-07-22,6923.86,CAD,2725,kg,posted,,carrier_invoice,[]
LC_BG_0039,LOG-0039,AIR_Q4_2026,tax_fee,Frankfurt-Atlanta,2026-07-11,3732.08,USD,17849,kg,posted,,claims_portal,[]
LC_BG_0040,LOG-0040,AIR_Q4_2026,freight,Seattle-Denver,2026-04-03,2881.07,GBP,13788,mile,posted,,carrier_invoice,[]
LC_BG_0041,LOG-0020,ROAD_Q2_2026,tax_fee,Seattle-Denver,2026-12-05,5222.97,EUR,1886,claim,posted,,manual_adjustment,[]
LC_BG_0042,LOG-0021,WAREHOUSE_REBILL_2026,freight,London-Boston,2026-11-25,8096.49,CAD,13997,shipment,posted,,claims_portal,[]
LC_BG_0043,LOG-0043,ROAD_Q2_2026,accessorial,Toronto-Chicago,2026-10-17,2495.44,CAD,22263,shipment,posted,,claims_portal,[]
LC_BG_0044,LOG-0044,WAREHOUSE_REBILL_2026,tax_fee,London-Boston,2026-07-22,5504.68,EUR,6403,shipment,posted,,claims_portal,[]
LC_BG_0045,LOG-0045,AIR_Q4_2026,freight,Toronto-Chicago,2026-04-26,6764.35,USD,5521,claim,posted,,claims_portal,[]
LC_BG_0046,LOG-0046,AIR_Q4_2026,claim,London-Boston,2026-04-11,3738.35,GBP,9746,shipment,posted,,claims_portal,[]
LC_BG_0047,LOG-0047,SEA_Q3_2026,tax_fee,Seattle-Denver,2026-08-23,3390.22,GBP,1320,kg,posted,,manual_adjustment,[]
LC_BG_0048,LOG-0048,WAREHOUSE_REBILL_2026,accessorial,London-Boston,2026-04-17,5277.33,GBP,11816,shipment,posted,,claims_portal,[]
LC_BG_0049,LOG-0049,WAREHOUSE_REBILL_2026,claim,Toronto-Chicago,2026-09-24,1600.9,EUR,19398,claim,posted,,manual_adjustment,[]
LC_BG_0050,LOG-0050,ROAD_Q2_2026,freight,Toronto-Chicago,2026-06-04,2554.5,GBP,9376,lb,posted,,carrier_invoice,[]
LC_BG_0051,LOG-0051,ROAD_Q2_2026,tax_fee,LA-Dallas,2026-04-27,2819.69,EUR,22647,mile,posted,,carrier_invoice,[]
LC_BG_0052,LOG-0052,SEA_Q3_2026,tax_fee,Toronto-Chicago,2026-03-09,346.15,USD,22861,mile,posted,,carrier_invoice,[]
LC_BG_0053,LOG-0053,CLAIMS_SEP_2026,tax_fee,LA-Dallas,2026-09-20,306.45,EUR,18111,claim,posted,,claims_portal,[]
LC_BG_0054,LOG-0054,ROAD_Q2_2026,accessorial,Toronto-Chicago,2026-07-24,6948.02,CAD,17523,shipment,posted,,manual_adjustment,[]
LC_BG_0055,LOG-0055,WAREHOUSE_REBILL_2026,claim,LA-Dallas,2026-10-20,1092.88,CAD,10424,kg,posted,,manual_adjustment,[]
LC_BG_0056,LOG-0056,AIR_Q4_2026,claim,Frankfurt-Atlanta,2026-10-17,8879.1,GBP,24845,kg,posted,,claims_portal,[]
LC_BG_0057,LOG-0057,SEA_Q3_2026,accessorial,LA-Dallas,2026-12-05,7653.36,USD,22549,kg,posted,,claims_portal,[]
LC_BG_0058,LOG-0058,AIR_Q4_2026,accessorial,Frankfurt-Atlanta,2026-04-15,1673.74,CAD,24034,claim,posted,,carrier_invoice,[]
LC_BG_0059,LOG-0059,ROAD_Q2_2026,accessorial,Toronto-Chicago,2026-07-24,5867.09,CAD,9136,shipment,void,,claims_portal,[]
LC_BG_0060,LOG-0060,AIR_Q4_2026,freight,London-Boston,2026-05-07,4887.5,GBP,24769,kg,posted,,claims_portal,[]
LC_BG_0061,LOG-0061,AIR_Q4_2026,tax_fee,Toronto-Chicago,2026-05-16,4594.17,EUR,15709,mile,posted,,claims_portal,[]
LC_BG_0062,LOG-0062,ROAD_Q2_2026,accessorial,Toronto-Chicago,2026-04-23,2354.37,CAD,8287,mile,void,,manual_adjustment,[]
LC_BG_0063,LOG-0063,CLAIMS_SEP_2026,accessorial,LA-Dallas,2026-01-12,3034.85,USD,14419,shipment,posted,,claims_portal,[]
LC_BG_0064,LOG-0064,WAREHOUSE_REBILL_2026,tax_fee,LA-Dallas,2026-05-10,4705.37,USD,19180,mile,posted,,manual_adjustment,[]
LC_BG_0065,LOG-0065,ROAD_Q2_2026,accessorial,LA-Dallas,2026-12-11,2872.07,USD,16903,mile,posted,,claims_portal,[]
LC_BG_0066,LOG-0066,CLAIMS_SEP_2026,freight,Toronto-Chicago,2026-03-23,1088.49,CAD,18374,lb,amended,LC_BG_0065,carrier_amendment,[]
LC_BG_0067,LOG-0067,AIR_Q4_2026,freight,LA-Dallas,2026-01-01,-192.72,EUR,22083,lb,posted,,carrier_invoice,"[""invalid_negative_amount""]"
LC_BG_0068,LOG-0068,AIR_Q4_2026,accessorial,Seattle-Denver,2026-04-13,4621.46,GBP,22422,lb,posted,,manual_adjustment,[]
LC_BG_0069,LOG-0069,WAREHOUSE_REBILL_2026,accessorial,Frankfurt-Atlanta,2026-11-22,1769.74,CAD,12072,shipment,posted,,manual_adjustment,[]
LC_BG_0070,LOG-0070,SEA_Q3_2026,accessorial,Frankfurt-Atlanta,2026-02-12,5525.5,GBP,17379,shipment,void,,claims_portal,[]
LC_BG_0071,LOG-0071,WAREHOUSE_REBILL_2026,freight,London-Boston,2026-06-10,,EUR,2132,claim,posted,,manual_adjustment,"[""missing_amount""]"
LC_BG_0072,LOG-0072,ROAD_Q2_2026,tax_fee,London-Boston,2026-01-16,7489.51,GBP,21563,shipment,posted,,carrier_invoice,[]
LC_BG_0073,LOG-0073,AIR_Q4_2026,claim,LA-Dallas,2026-03-10,203.54,EUR,3997,shipment,posted,,carrier_invoice,[]
LC_BG_0074,LOG-0074,CLAIMS_SEP_2026,accessorial,London-Boston,2026-03-21,1326.89,USD,10406,claim,posted,,claims_portal,[]
LC_BG_0075,LOG-0075,ROAD_Q2_2026,tax_fee,London-Boston,2026-01-11,2079.92,GBP,13483,shipment,posted,,manual_adjustment,[]
LC_BG_0076,LOG-0076,WAREHOUSE_REBILL_2026,accessorial,Seattle-Denver,2026-10-25,6803.78,USD,22666,lb,posted,,manual_adjustment,[]
LC_BG_0077,LOG-0077,CLAIMS_SEP_2026,accessorial,Toronto-Chicago,2026-05-08,7133.8,USD,23767,lb,posted,,carrier_invoice,[]
LC_BG_0078,LOG-0078,AIR_Q4_2026,claim,LA-Dallas,2026-01-13,1567.05,USD,14100,lb,posted,,manual_adjustment,[]
LC_BG_0079,LOG-0079,ROAD_Q2_2026,accessorial,Seattle-Denver,2026-03-01,2407.51,CAD,19409,pallet,posted,,carrier_invoice,"[""invalid_unit""]"
LC_BG_0080,LOG-0080,CLAIMS_SEP_2026,tax_fee,London-Boston,2026-10-17,2845.71,CAD,17636,claim,posted,,claims_portal,[]
LC_BG_0081,LOG-0081,AIR_Q4_2026,freight,London-Boston,2026-11-25,1614.46,EUR,244,shipment,posted,,claims_portal,[]
LC_BG_0082,LOG-0041,WAREHOUSE_REBILL_2026,accessorial,Frankfurt-Atlanta,2026-04-04,2940.17,EUR,11117,mile,posted,,carrier_invoice,[]
LC_BG_0083,LOG-0041,WAREHOUSE_REBILL_2026,accessorial,Toronto-Chicago,2026-08-27,5067.07,GBP,6540,lb,posted,,carrier_invoice,[]
LC_BG_0084,LOG-0084,WAREHOUSE_REBILL_2026,tax_fee,Frankfurt-Atlanta,2026-07-16,2452.18,EUR,1738,mile,posted,,claims_portal,[]
LC_BG_0085,LOG-0085,WAREHOUSE_REBILL_2026,tax_fee,LA-Dallas,2026-04-13,7206.06,GBP,4860,mile,posted,,claims_portal,[]
LC_BG_0086,LOG-0086,CLAIMS_SEP_2026,freight,LA-Dallas,2026-01-17,4938.7,EUR,13569,mile,posted,,claims_portal,[]
LC_BG_0087,LOG-0087,AIR_Q4_2026,accessorial,Frankfurt-Atlanta,2026-02-13,3751.05,GBP,8573,kg,posted,,manual_adjustment,[]
LC_BG_0088,LOG-0088,ROAD_Q2_2026,accessorial,Seattle-Denver,2026-09-01,1081.33,GBP,8038,lb,posted,,manual_adjustment,[]
LC_BG_0089,LOG-0089,AIR_Q4_2026,freight,Frankfurt-Atlanta,2026-12-28,6268.0,CAD,8164,shipment,posted,,manual_adjustment,[]
LC_BG_0090,LOG-0090,ROAD_Q2_2026,claim,Toronto-Chicago,2026-08-12,8593.46,GBP,15640,mile,posted,,claims_portal,[]
LC_BG_0091,LOG-0091,ROAD_Q2_2026,tax_fee,Frankfurt-Atlanta,2026-03-01,5962.32,USD,3456,lb,posted,,claims_portal,[]
LC_BG_0092,LOG-0092,ROAD_Q2_2026,claim,Seattle-Denver,2026-04-04,7081.26,GBP,22106,lb,posted,,manual_adjustment,[]
LC_BG_0093,LOG-0093,ROAD_Q2_2026,tax_fee,Toronto-Chicago,2026-08-28,4085.56,USD,23139,lb,posted,,claims_portal,[]
LC_BG_0094,LOG-0094,SEA_Q3_2026,freight,Frankfurt-Atlanta,2026-08-08,5383.12,USD,1351,claim,posted,,carrier_invoice,[]
LC_BG_0095,LOG-0095,ROAD_Q2_2026,tax_fee,Frankfurt-Atlanta,2026-10-10,5401.32,CAD,13159,claim,posted,,carrier_invoice,[]
LC_BG_0096,LOG-0096,AIR_Q4_2026,claim,Seattle-Denver,2026-07-10,5980.47,CAD,16187,mile,posted,,claims_portal,[]
LC_BG_0097,LOG-0097,SEA_Q3_2026,tax_fee,Seattle-Denver,2026-06-14,2840.2,GBP,21611,shipment,posted,,claims_portal,[]
LC_BG_0098,LOG-0098,ROAD_Q2_2026,freight,Toronto-Chicago,2026-01-19,8927.15,CAD,985,mile,posted,,carrier_invoice,[]
LC_BG_0099,LOG-0099,ROAD_Q2_2026,accessorial,Seattle-Denver,2026-05-04,2102.02,EUR,4202,shipment,posted,,claims_portal,[]
LC_BG_0100,LOG-0100,AIR_Q4_2026,tax_fee,Seattle-Denver,2026-09-09,8307.12,EUR,11450,lb,posted,,claims_portal,[]
LC_BG_0101,LOG-0101,WAREHOUSE_REBILL_2026,freight,LA-Dallas,2026-04-14,8394.2,GBP,16598,kg,void,,claims_portal,[]
LC_BG_0102,LOG-0102,WAREHOUSE_REBILL_2026,freight,London-Boston,2026-11-01,8140.49,GBP,22922,kg,posted,,claims_portal,[]
LC_BG_0103,LOG-0103,CLAIMS_SEP_2026,accessorial,Frankfurt-Atlanta,2026-05-01,1522.95,EUR,7863,lb,posted,,carrier_invoice,[]
LC_BG_0104,LOG-0104,SEA_Q3_2026,tax_fee,LA-Dallas,2026-06-12,6142.0,GBP,17609,shipment,posted,,claims_portal,[]
LC_BG_0105,LOG-0105,AIR_Q4_2026,freight,London-Boston,2026-06-25,8496.67,USD,16141,claim,posted,,manual_adjustment,[]
LC_BG_0106,LOG-0106,CLAIMS_SEP_2026,tax_fee,LA-Dallas,2026-11-25,2643.15,CAD,5588,lb,posted,,claims_portal,[]
LC_BG_0107,LOG-0107,WAREHOUSE_REBILL_2026,accessorial,LA-Dallas,2026-12-12,7356.99,EUR,433,shipment,posted,,manual_adjustment,[]
LC_BG_0108,LOG-0108,WAREHOUSE_REBILL_2026,tax_fee,Frankfurt-Atlanta,2026-11-12,2392.19,CAD,15198,shipment,posted,,claims_portal,[]
LC_BG_0109,LOG-0109,SEA_Q3_2026,freight,London-Boston,2026-08-11,3777.22,USD,21877,lb,posted,,claims_portal,[]
LC_BG_0110,LOG-0110,ROAD_Q2_2026,tax_fee,Toronto-Chicago,2026-11-06,2734.54,CAD,17842,kg,posted,,carrier_invoice,[]
LC_BG_0111,LOG-0111,SEA_Q3_2026,accessorial,LA-Dallas,2026-10-09,4063.07,GBP,15750,claim,void,,claims_portal,[]
LC_BG_0112,LOG-0112,AIR_Q4_2026,freight,Frankfurt-Atlanta,2026-10-05,2266.15,EUR,19868,mile,posted,,carrier_invoice,[]
LC_BG_0113,LOG-0113,WAREHOUSE_REBILL_2026,freight,Seattle-Denver,2026-09-07,5750.35,EUR,4867,lb,void,,claims_portal,[]
LC_BG_0114,LOG-0114,AIR_Q4_2026,freight,LA-Dallas,2026-01-24,8804.01,USD,10104,lb,posted,,carrier_invoice,[]
LC_BG_0115,LOG-0115,AIR_Q4_2026,tax_fee,Seattle-Denver,2026-08-07,6209.37,USD,4970,mile,posted,,manual_adjustment,[]
LC_BG_0116,LOG-0116,CLAIMS_SEP_2026,accessorial,Toronto-Chicago,2026-05-05,2161.69,USD,15528,kg,posted,,claims_portal,[]
LC_BG_0117,LOG-0117,ROAD_Q2_2026,tax_fee,London-Boston,2026-08-12,3912.9,CAD,22085,kg,posted,,claims_portal,[]
LC_BG_0118,LOG-0118,CLAIMS_SEP_2026,accessorial,London-Boston,2026-05-14,7820.57,GBP,10587,claim,void,,claims_portal,[]
LC_BG_0119,LOG-0119,SEA_Q3_2026,tax_fee,Frankfurt-Atlanta,2026-04-06,4335.2,USD,21356,shipment,posted,,claims_portal,[]
LC_BG_0120,LOG-0120,CLAIMS_SEP_2026,tax_fee,Seattle-Denver,2026-06-28,4187.62,CAD,20625,shipment,posted,,manual_adjustment,[]
LC_BG_0121,LOG-0121,ROAD_Q2_2026,claim,Toronto-Chicago,2026-10-20,8429.09,USD,10630,lb,posted,,carrier_invoice,[]
LC_BG_0122,LOG-0122,SEA_Q3_2026,freight,Seattle-Denver,2026-04-22,7018.05,CAD,23005,shipment,posted,,carrier_invoice,[]
LC_BG_0123,LOG-0061,ROAD_Q2_2026,claim,Frankfurt-Atlanta,2026-09-02,7228.4,EUR,18437,kg,posted,,manual_adjustment,[]
LC_BG_0124,LOG-0062,ROAD_Q2_2026,tax_fee,Frankfurt-Atlanta,2026-04-11,6827.28,USD,12488,kg,posted,,carrier_invoice,[]
LC_BG_0125,LOG-0125,WAREHOUSE_REBILL_2026,accessorial,Frankfurt-Atlanta,2026-10-18,5941.11,CAD,4902,shipment,posted,,claims_portal,[]
LC_BG_0126,LOG-0126,AIR_Q4_2026,tax_fee,Frankfurt-Atlanta,2026-03-07,4827.64,USD,20504,lb,void,,manual_adjustment,[]
LC_BG_0127,LOG-0127,WAREHOUSE_REBILL_2026,freight,London-Boston,2026-09-18,6308.85,GBP,22774,lb,posted,,manual_adjustment,[]
LC_BG_0128,LOG-0128,WAREHOUSE_REBILL_2026,freight,Frankfurt-Atlanta,2026-03-26,1859.73,EUR,17772,shipment,posted,,manual_adjustment,[]
LC_BG_0129,LOG-0129,ROAD_Q2_2026,freight,Seattle-Denver,2026-11-12,356.26,EUR,20498,kg,posted,,carrier_invoice,[]
LC_BG_0130,LOG-0130,SEA_Q3_2026,claim,Frankfurt-Atlanta,2026-03-01,7716.09,EUR,11468,lb,posted,,claims_portal,[]
LC_BG_0131,LOG-0131,AIR_Q4_2026,claim,London-Boston,2026-10-26,2216.05,USD,1049,claim,posted,,carrier_invoice,[]
LC_BG_0132,LOG-0132,WAREHOUSE_REBILL_2026,freight,Seattle-Denver,2026-10-20,5351.23,CAD,14528,shipment,posted,,carrier_invoice,[]
LC_BG_0133,LOG-0133,AIR_Q4_2026,tax_fee,LA-Dallas,2026-12-01,3068.81,EUR,17193,claim,posted,,carrier_invoice,[]
LC_BG_0134,LOG-0134,AIR_Q4_2026,freight,Toronto-Chicago,2026-03-18,-120.51,USD,3371,claim,void,,manual_adjustment,"[""invalid_negative_amount""]"
LC_BG_0135,LOG-0135,ROAD_Q2_2026,freight,Seattle-Denver,2026-02-01,3240.62,CAD,5093,kg,posted,,manual_adjustment,[]
LC_BG_0136,LOG-0136,ROAD_Q2_2026,claim,Toronto-Chicago,2026-12-18,5913.47,GBP,16825,lb,posted,,claims_portal,[]
LC_BG_0137,LOG-0137,ROAD_Q2_2026,tax_fee,Toronto-Chicago,2026-01-22,49.38,USD,22859,mile,posted,,manual_adjustment,[]
LC_BG_0138,LOG-0138,SEA_Q3_2026,accessorial,Toronto-Chicago,2026-06-08,6032.55,EUR,24016,mile,posted,,carrier_invoice,[]
LC_BG_0139,LOG-0139,ROAD_Q2_2026,freight,LA-Dallas,2026-07-03,4751.53,GBP,7333,mile,posted,,claims_portal,[]
LC_BG_0140,LOG-0140,CLAIMS_SEP_2026,tax_fee,Seattle-Denver,2026-03-08,8732.67,USD,20182,kg,posted,,carrier_invoice,[]
LC_BG_0141,LOG-0141,CLAIMS_SEP_2026,tax_fee,Toronto-Chicago,2026-07-18,8054.79,USD,22846,mile,posted,,carrier_invoice,[]
LC_BG_0142,LOG-0142,CLAIMS_SEP_2026,accessorial,Seattle-Denver,2026-02-24,,EUR,13229,shipment,posted,,manual_adjustment,"[""missing_amount""]"
LC_BG_0143,LOG-0143,SEA_Q3_2026,accessorial,Frankfurt-Atlanta,2026-06-08,327.13,GBP,3992,kg,posted,,carrier_invoice,[]
LC_BG_0144,LOG-0144,WAREHOUSE_REBILL_2026,accessorial,LA-Dallas,2026-07-08,1417.53,CAD,10030,kg,amended,LC_BG_0143,carrier_amendment,[]
LC_BG_0145,LOG-0145,CLAIMS_SEP_2026,claim,Seattle-Denver,2026-10-25,8092.96,EUR,14951,mile,void,,carrier_invoice,[]
LC_BG_0146,LOG-0146,SEA_Q3_2026,claim,Seattle-Denver,2026-12-01,4473.93,CAD,19741,lb,posted,,manual_adjustment,[]
LC_BG_0147,LOG-0147,AIR_Q4_2026,freight,LA-Dallas,2026-12-01,4033.4,GBP,5385,claim,posted,,carrier_invoice,[]
LC_BG_0148,LOG-0148,CLAIMS_SEP_2026,accessorial,Frankfurt-Atlanta,2026-10-08,374.51,USD,2440,claim,posted,,manual_adjustment,[]
LC_BG_0149,LOG-0149,SEA_Q3_2026,accessorial,Seattle-Denver,2026-06-18,1958.49,USD,14259,mile,posted,,claims_portal,[]
LC_BG_0150,LOG-0150,WAREHOUSE_REBILL_2026,accessorial,London-Boston,2026-02-01,980.52,EUR,2416,shipment,posted,,manual_adjustment,[]
LC_BG_0151,LOG-0151,AIR_Q4_2026,accessorial,LA-Dallas,2026-09-03,8554.35,CAD,13681,kg,posted,,carrier_invoice,[]
LC_BG_0152,LOG-0152,WAREHOUSE_REBILL_2026,accessorial,Frankfurt-Atlanta,2026-03-28,4226.5,CAD,6396,claim,posted,,carrier_invoice,[]
LC_BG_0153,LOG-0153,SEA_Q3_2026,claim,Toronto-Chicago,2026-06-10,8988.84,CAD,23295,shipment,posted,,claims_portal,[]
LC_BG_0154,LOG-0154,WAREHOUSE_REBILL_2026,freight,LA-Dallas,2026-04-27,8525.78,GBP,8756,claim,posted,,claims_portal,[]
LC_BG_0155,LOG-0155,WAREHOUSE_REBILL_2026,claim,Seattle-Denver,2026-08-05,3321.89,USD,2094,shipment,posted,,manual_adjustment,[]
LC_BG_0156,LOG-0156,ROAD_Q2_2026,claim,LA-Dallas,2026-02-05,4832.29,CAD,15444,claim,posted,,claims_portal,[]
LC_BG_0157,LOG-0157,ROAD_Q2_2026,claim,Seattle-Denver,2026-12-25,6213.89,GBP,7486,lb,posted,,claims_portal,[]
LC_BG_0158,LOG-0158,WAREHOUSE_REBILL_2026,tax_fee,Frankfurt-Atlanta,2026-07-19,4924.59,EUR,16005,pallet,posted,,claims_portal,"[""invalid_unit""]"
LC_BG_0159,LOG-0159,AIR_Q4_2026,claim,Toronto-Chicago,2026-09-07,1350.66,CAD,7747,mile,posted,,claims_portal,[]
LC_BG_0160,LOG-0160,CLAIMS_SEP_2026,tax_fee,Frankfurt-Atlanta,2026-10-02,7789.69,USD,5931,mile,posted,,carrier_invoice,[]
LC_BG_0161,LOG-0161,AIR_Q4_2026,freight,London-Boston,2026-10-21,6869.0,EUR,4941,mile,void,,carrier_invoice,[]
LC_BG_0162,LOG-0162,AIR_Q4_2026,claim,LA-Dallas,2026-09-24,1564.96,CAD,10625,mile,posted,,manual_adjustment,[]
LC_BG_0163,LOG-0163,AIR_Q4_2026,freight,Frankfurt-Atlanta,2026-05-03,2463.64,USD,3532,lb,posted,,carrier_invoice,[]
LC_BG_0164,LOG-0082,ROAD_Q2_2026,tax_fee,London-Boston,2026-10-18,63.98,GBP,5219,claim,posted,,claims_portal,[]
LC_BG_0165,LOG-0082,ROAD_Q2_2026,freight,LA-Dallas,2026-11-09,5134.07,USD,20220,kg,posted,,carrier_invoice,[]
LC_BG_0166,LOG-0166,AIR_Q4_2026,accessorial,Toronto-Chicago,2026-01-02,8592.15,CAD,10247,lb,posted,,claims_portal,[]
LC_BG_0167,LOG-0167,SEA_Q3_2026,freight,Frankfurt-Atlanta,2026-08-12,1165.14,CAD,14527,shipment,posted,,carrier_invoice,[]
LC_BG_0168,LOG-0168,CLAIMS_SEP_2026,claim,Frankfurt-Atlanta,2026-03-15,8567.13,GBP,10461,kg,posted,,carrier_invoice,[]
LC_BG_0169,LOG-0169,SEA_Q3_2026,freight,Seattle-Denver,2026-05-18,2128.59,EUR,18395,kg,posted,,claims_portal,[]
LC_BG_0170,LOG-0170,AIR_Q4_2026,freight,Frankfurt-Atlanta,2026-08-15,6686.44,GBP,13711,mile,posted,,carrier_invoice,[]
LC_BG_0171,LOG-0171,AIR_Q4_2026,claim,London-Boston,2026-01-06,6919.29,GBP,24907,shipment,posted,,manual_adjustment,[]
LC_BG_0172,LOG-0172,SEA_Q3_2026,accessorial,Seattle-Denver,2026-08-03,8977.88,CAD,3214,lb,posted,,manual_adjustment,[]
LC_BG_0173,LOG-0173,CLAIMS_SEP_2026,freight,Seattle-Denver,2026-07-21,2147.7,EUR,23322,mile,void,,claims_portal,[]
LC_BG_0174,LOG-0174,AIR_Q4_2026,claim,Seattle-Denver,2026-05-06,6486.31,GBP,18330,claim,posted,,carrier_invoice,[]
LC_BG_0175,LOG-0175,CLAIMS_SEP_2026,claim,Toronto-Chicago,2026-11-14,5077.49,EUR,19701,claim,posted,,manual_adjustment,[]
LC_BG_0176,LOG-0176,SEA_Q3_2026,tax_fee,London-Boston,2026-11-15,8043.42,EUR,12081,claim,posted,,carrier_invoice,[]
LC_BG_0177,LOG-0177,SEA_Q3_2026,tax_fee,LA-Dallas,2026-06-06,3137.26,GBP,20368,kg,posted,,manual_adjustment,[]
LC_BG_0178,LOG-0178,WAREHOUSE_REBILL_2026,freight,Seattle-Denver,2026-02-03,5321.74,EUR,10098,mile,posted,,manual_adjustment,[]
LC_BG_0179,LOG-0179,SEA_Q3_2026,freight,Frankfurt-Atlanta,2026-12-22,6284.07,CAD,18748,claim,posted,,carrier_invoice,[]
LC_BG_0180,LOG-0180,AIR_Q4_2026,accessorial,Toronto-Chicago,2026-06-15,4878.71,USD,11346,claim,posted,,manual_adjustment,[]
LC_BG_0181,LOG-0181,AIR_Q4_2026,freight,Seattle-Denver,2026-09-07,5781.51,CAD,2531,shipment,posted,,carrier_invoice,[]
LC_BG_0182,LOG-0182,SEA_Q3_2026,tax_fee,LA-Dallas,2026-06-28,6218.91,CAD,6255,lb,posted,,claims_portal,[]
LC_BG_0183,LOG-0183,WAREHOUSE_REBILL_2026,freight,Seattle-Denver,2026-12-16,1017.88,EUR,11967,claim,posted,,claims_portal,[]
LC_BG_0184,LOG-0184,SEA_Q3_2026,claim,Toronto-Chicago,2026-03-14,7239.64,EUR,600,mile,posted,,carrier_invoice,[]
LC_BG_0185,LOG-0185,CLAIMS_SEP_2026,freight,London-Boston,2026-12-22,7665.49,USD,517,lb,posted,,claims_portal,[]
LC_BG_0186,LOG-0186,CLAIMS_SEP_2026,freight,LA-Dallas,2026-02-21,2307.27,EUR,22472,kg,posted,,carrier_invoice,[]
LC_BG_0187,LOG-0187,SEA_Q3_2026,freight,London-Boston,2026-12-06,2375.53,GBP,14400,claim,posted,,carrier_invoice,[]
LC_BG_0188,LOG-0188,AIR_Q4_2026,tax_fee,London-Boston,2026-12-24,973.8,CAD,18007,lb,posted,,manual_adjustment,[]
LC_BG_0189,LOG-0189,CLAIMS_SEP_2026,freight,LA-Dallas,2026-11-28,6368.46,USD,16677,lb,posted,,claims_portal,[]
LC_BG_0190,LOG-0190,CLAIMS_SEP_2026,freight,Seattle-Denver,2026-05-25,646.33,USD,6742,claim,posted,,manual_adjustment,[]
LC_BG_0191,LOG-0191,WAREHOUSE_REBILL_2026,accessorial,Frankfurt-Atlanta,2026-10-26,1850.06,USD,20468,lb,posted,,carrier_invoice,[]
LC_BG_0192,LOG-0192,AIR_Q4_2026,freight,Seattle-Denver,2026-04-02,6160.86,CAD,7332,kg,posted,,claims_portal,[]
LC_BG_0193,LOG-0193,AIR_Q4_2026,claim,LA-Dallas,2026-08-09,7223.02,USD,4221,claim,posted,,manual_adjustment,[]
LC_BG_0194,LOG-0194,WAREHOUSE_REBILL_2026,claim,Seattle-Denver,2026-08-27,2188.9,GBP,20015,kg,void,,claims_portal,[]
LC_BG_0195,LOG-0195,CLAIMS_SEP_2026,tax_fee,Seattle-Denver,2026-08-26,2899.84,USD,2548,lb,posted,,manual_adjustment,[]
LC_BG_0196,LOG-0196,SEA_Q3_2026,tax_fee,Toronto-Chicago,2026-04-02,4733.8,USD,20631,claim,posted,,carrier_invoice,[]
LC_BG_0197,LOG-0197,CLAIMS_SEP_2026,accessorial,LA-Dallas,2026-12-05,7767.87,EUR,299,claim,posted,,manual_adjustment,[]
LC_BG_0198,LOG-0198,CLAIMS_SEP_2026,tax_fee,Seattle-Denver,2026-05-27,3802.74,GBP,13637,lb,posted,,manual_adjustment,[]
LC_BG_0199,LOG-0199,ROAD_Q2_2026,tax_fee,LA-Dallas,2026-07-28,4043.4,GBP,9597,claim,posted,,carrier_invoice,[]
LC_BG_0200,LOG-0200,SEA_Q3_2026,accessorial,Frankfurt-Atlanta,2026-06-12,7554.63,EUR,19195,shipment,posted,,carrier_invoice,[]
LC_BG_0201,LOG-0201,WAREHOUSE_REBILL_2026,accessorial,Toronto-Chicago,2026-01-08,-66.35,CAD,19475,mile,posted,,manual_adjustment,"[""invalid_negative_amount""]"
LC_BG_0202,LOG-0202,SEA_Q3_2026,accessorial,London-Boston,2026-09-19,4595.89,EUR,4682,lb,posted,,manual_adjustment,[]
LC_BG_0203,LOG-0203,CLAIMS_SEP_2026,freight,Seattle-Denver,2026-11-01,2114.87,GBP,12135,claim,posted,,manual_adjustment,[]
LC_BG_0204,LOG-0204,AIR_Q4_2026,accessorial,Seattle-Denver,2026-12-07,3812.64,GBP,21370,shipment,posted,,claims_portal,[]
LC_BG_0205,LOG-0102,SEA_Q3_2026,tax_fee,Frankfurt-Atlanta,2026-08-10,2023.82,GBP,14374,lb,posted,,carrier_invoice,[]
LC_BG_0206,LOG-0103,WAREHOUSE_REBILL_2026,tax_fee,Frankfurt-Atlanta,2026-03-21,8859.32,CAD,20349,kg,posted,,manual_adjustment,[]
LC_BG_0207,LOG-0207,WAREHOUSE_REBILL_2026,accessorial,Toronto-Chicago,2026-01-19,4609.0,GBP,16605,mile,posted,,claims_portal,[]
LC_BG_0208,LOG-0208,ROAD_Q2_2026,freight,Frankfurt-Atlanta,2026-10-07,444.19,EUR,9443,lb,posted,,manual_adjustment,[]
LC_BG_0209,LOG-0209,CLAIMS_SEP_2026,freight,Seattle-Denver,2026-08-07,6694.64,EUR,16431,shipment,posted,,manual_adjustment,[]
LC_BG_0210,LOG-0210,WAREHOUSE_REBILL_2026,tax_fee,Seattle-Denver,2026-08-16,2855.86,USD,18592,mile,posted,,manual_adjustment,[]
LC_BG_0211,LOG-0211,ROAD_Q2_2026,accessorial,Seattle-Denver,2026-02-09,4304.09,USD,24017,shipment,posted,,manual_adjustment,[]
LC_BG_0212,LOG-0212,ROAD_Q2_2026,accessorial,Toronto-Chicago,2026-09-08,908.7,EUR,6370,shipment,posted,,manual_adjustment,[]
LC_BG_0213,LOG-0213,WAREHOUSE_REBILL_2026,claim,Seattle-Denver,2026-11-17,,USD,5236,lb,posted,,carrier_invoice,"[""missing_amount""]"
LC_BG_0214,LOG-0214,SEA_Q3_2026,claim,Frankfurt-Atlanta,2026-12-13,1434.72,CAD,11780,mile,posted,,claims_portal,[]
LC_BG_0215,LOG-0215,WAREHOUSE_REBILL_2026,freight,Toronto-Chicago,2026-06-16,4825.59,EUR,1294,mile,posted,,claims_portal,[]
LC_BG_0216,LOG-0216,ROAD_Q2_2026,tax_fee,Seattle-Denver,2026-05-06,5075.55,GBP,11979,mile,posted,,manual_adjustment,[]
LC_BG_0217,LOG-0217,AIR_Q4_2026,claim,Frankfurt-Atlanta,2026-04-16,5828.65,EUR,21241,claim,posted,,manual_adjustment,[]
LC_BG_0218,LOG-0218,CLAIMS_SEP_2026,accessorial,London-Boston,2026-05-25,6557.97,EUR,24019,lb,posted,,carrier_invoice,[]
LC_BG_0219,LOG-0219,SEA_Q3_2026,accessorial,Frankfurt-Atlanta,2026-01-25,7749.39,EUR,9618,mile,posted,,claims_portal,[]
LC_BG_0220,LOG-0220,CLAIMS_SEP_2026,freight,LA-Dallas,2026-09-23,7834.73,USD,2310,claim,posted,,manual_adjustment,[]
LC_BG_0221,LOG-0221,AIR_Q4_2026,accessorial,Frankfurt-Atlanta,2026-03-22,5433.8,GBP,6359,claim,amended,LC_BG_0220,carrier_amendment,[]
LC_BG_0222,LOG-0222,WAREHOUSE_REBILL_2026,freight,Seattle-Denver,2026-08-20,4055.37,USD,10812,lb,posted,,claims_portal,[]
LC_BG_0223,LOG-0223,WAREHOUSE_REBILL_2026,freight,Frankfurt-Atlanta,2026-05-06,229.71,GBP,17288,lb,posted,,carrier_invoice,[]
LC_BG_0224,LOG-0224,SEA_Q3_2026,accessorial,Seattle-Denver,2026-03-02,1230.46,GBP,602,lb,posted,,manual_adjustment,[]
LC_BG_0225,LOG-0225,AIR_Q4_2026,freight,Frankfurt-Atlanta,2026-10-13,4318.88,GBP,14245,shipment,posted,,claims_portal,[]
LC_BG_0226,LOG-0226,SEA_Q3_2026,freight,London-Boston,2026-06-17,7521.64,GBP,1989,claim,posted,,carrier_invoice,[]
LC_BG_0227,LOG-0227,AIR_Q4_2026,claim,Frankfurt-Atlanta,2026-08-25,1555.62,USD,11700,kg,posted,,claims_portal,[]
LC_BG_0228,LOG-0228,CLAIMS_SEP_2026,freight,LA-Dallas,2026-07-24,175.7,CAD,15735,lb,posted,,manual_adjustment,[]
LC_BG_0229,LOG-0229,ROAD_Q2_2026,freight,Frankfurt-Atlanta,2026-11-08,3637.96,USD,21046,kg,posted,,claims_portal,[]
LC_BG_0230,LOG-0230,CLAIMS_SEP_2026,tax_fee,London-Boston,2026-12-02,1088.6,USD,18033,lb,posted,,carrier_invoice,[]
LC_BG_0231,LOG-0231,WAREHOUSE_REBILL_2026,claim,London-Boston,2026-09-28,4459.03,EUR,6189,lb,posted,,manual_adjustment,[]
LC_BG_0232,LOG-0232,WAREHOUSE_REBILL_2026,freight,Seattle-Denver,2026-09-13,4380.16,CAD,3478,mile,posted,,carrier_invoice,[]
LC_BG_0233,LOG-0233,SEA_Q3_2026,tax_fee,LA-Dallas,2026-05-18,3975.09,CAD,18855,mile,void,,carrier_invoice,[]
LC_BG_0234,LOG-0234,ROAD_Q2_2026,freight,LA-Dallas,2026-03-12,8197.58,USD,1340,kg,posted,,carrier_invoice,[]
LC_BG_0235,LOG-0235,AIR_Q4_2026,accessorial,LA-Dallas,2026-04-23,8527.51,USD,5117,lb,posted,,claims_portal,[]
LC_BG_0236,LOG-0236,AIR_Q4_2026,claim,Toronto-Chicago,2026-04-02,8459.84,GBP,24868,kg,posted,,claims_portal,[]
LC_BG_0237,LOG-0237,CLAIMS_SEP_2026,tax_fee,LA-Dallas,2026-06-26,3185.5,CAD,20881,pallet,void,,claims_portal,"[""invalid_unit""]"
LC_BG_0238,LOG-0238,CLAIMS_SEP_2026,freight,Toronto-Chicago,2026-07-20,431.88,CAD,21349,mile,posted,,manual_adjustment,[]
LC_BG_0239,LOG-0239,SEA_Q3_2026,claim,London-Boston,2026-04-03,8647.19,EUR,1150,lb,posted,,carrier_invoice,[]
LC_BG_0240,LOG-0240,SEA_Q3_2026,accessorial,Seattle-Denver,2026-03-10,3242.53,EUR,11073,shipment,posted,,claims_portal,[]
LC_BG_0241,LOG-0241,ROAD_Q2_2026,claim,LA-Dallas,2026-12-24,7071.85,EUR,4217,claim,void,,carrier_invoice,[]
LC_BG_0242,LOG-0242,SEA_Q3_2026,tax_fee,Seattle-Denver,2026-07-07,8338.88,USD,20131,kg,posted,,carrier_invoice,[]
LC_BG_0243,LOG-0243,WAREHOUSE_REBILL_2026,claim,Seattle-Denver,2026-06-07,1534.02,GBP,1166,kg,posted,,claims_portal,[]
LC_BG_0244,LOG-0244,CLAIMS_SEP_2026,claim,London-Boston,2026-07-04,1074.09,USD,15836,claim,posted,,carrier_invoice,[]
LC_BG_0245,LOG-0245,AIR_Q4_2026,freight,Toronto-Chicago,2026-08-02,6028.81,GBP,2768,mile,posted,,claims_portal,[]
LC_BG_0246,LOG-0123,AIR_Q4_2026,accessorial,Seattle-Denver,2026-11-09,7165.96,GBP,20800,mile,posted,,carrier_invoice,[]
LC_BG_0247,LOG-0123,AIR_Q4_2026,tax_fee,London-Boston,2026-05-23,1988.21,CAD,20341,kg,posted,,claims_portal,[]
LC_BG_0248,LOG-0248,SEA_Q3_2026,claim,Frankfurt-Atlanta,2026-11-05,3578.44,GBP,12121,mile,posted,,carrier_invoice,[]
LC_BG_0249,LOG-0249,SEA_Q3_2026,accessorial,London-Boston,2026-02-09,2423.0,CAD,11251,shipment,posted,,carrier_invoice,[]
LC_BG_0250,LOG-0250,CLAIMS_SEP_2026,freight,Toronto-Chicago,2026-08-17,4965.81,EUR,20568,shipment,posted,,claims_portal,[]
LC_BG_0251,LOG-0251,ROAD_Q2_2026,freight,LA-Dallas,2026-12-03,3535.87,USD,18189,lb,posted,,manual_adjustment,[]
LC_BG_0252,LOG-0252,WAREHOUSE_REBILL_2026,freight,Toronto-Chicago,2026-06-19,3962.68,CAD,10298,mile,posted,,manual_adjustment,[]
LC_BG_0253,LOG-0253,CLAIMS_SEP_2026,freight,Frankfurt-Atlanta,2026-01-06,1142.23,GBP,13707,mile,posted,,carrier_invoice,[]
LC_BG_0254,LOG-0254,ROAD_Q2_2026,freight,LA-Dallas,2026-10-18,8332.78,CAD,24115,lb,posted,,carrier_invoice,[]
LC_BG_0255,LOG-0255,SEA_Q3_2026,accessorial,Seattle-Denver,2026-03-17,4934.25,GBP,9068,mile,posted,,carrier_invoice,[]
LC_BG_0256,LOG-0256,SEA_Q3_2026,freight,Seattle-Denver,2026-07-09,5755.54,USD,19695,lb,posted,,carrier_invoice,[]
LC_BG_0257,LOG-0257,WAREHOUSE_REBILL_2026,claim,Toronto-Chicago,2026-09-05,5470.46,GBP,18110,lb,posted,,claims_portal,[]
LC_BG_0258,LOG-0258,CLAIMS_SEP_2026,accessorial,Seattle-Denver,2026-01-14,5997.08,CAD,17987,mile,posted,,manual_adjustment,[]
LC_BG_0259,LOG-0259,CLAIMS_SEP_2026,accessorial,Seattle-Denver,2026-01-19,6112.0,USD,11837,mile,posted,,carrier_invoice,[]
LC_BG_0260,LOG-0260,AIR_Q4_2026,tax_fee,London-Boston,2026-07-23,1455.26,USD,21111,kg,posted,,claims_portal,[]
LC_BG_0261,LOG-0261,AIR_Q4_2026,accessorial,Frankfurt-Atlanta,2026-11-06,6038.34,EUR,23539,mile,posted,,carrier_invoice,[]
LC_BG_0262,LOG-0262,AIR_Q4_2026,accessorial,London-Boston,2026-04-12,6494.3,GBP,23212,shipment,void,,carrier_invoice,[]
LC_BG_0263,LOG-0263,CLAIMS_SEP_2026,tax_fee,Seattle-Denver,2026-11-10,5902.74,USD,10667,claim,posted,,manual_adjustment,[]
LC_BG_0264,LOG-0264,CLAIMS_SEP_2026,tax_fee,London-Boston,2026-09-19,8942.69,CAD,20055,kg,posted,,claims_portal,[]
LC_BG_0265,LOG-0265,ROAD_Q2_2026,claim,Seattle-Denver,2026-12-26,8980.88,GBP,4041,shipment,posted,,manual_adjustment,[]
LC_BG_0266,LOG-0266,ROAD_Q2_2026,tax_fee,London-Boston,2026-06-19,6528.34,CAD,7059,lb,posted,,manual_adjustment,[]
LC_BG_0267,LOG-0267,WAREHOUSE_REBILL_2026,freight,Frankfurt-Atlanta,2026-08-26,4573.28,USD,22811,claim,posted,,manual_adjustment,[]
